-- phpMyAdmin SQL Dump
-- version 4.6.6deb5
-- https://www.phpmyadmin.net/
--
-- Host: localhost:3306
-- Generation Time: Jun 19, 2020 at 02:04 AM
-- Server version: 5.7.30-0ubuntu0.18.04.1
-- PHP Version: 7.2.24-0ubuntu0.18.04.6

SET SQL_MODE = "NO_AUTO_VALUE_ON_ZERO";
SET time_zone = "+00:00";


/*!40101 SET @OLD_CHARACTER_SET_CLIENT=@@CHARACTER_SET_CLIENT */;
/*!40101 SET @OLD_CHARACTER_SET_RESULTS=@@CHARACTER_SET_RESULTS */;
/*!40101 SET @OLD_COLLATION_CONNECTION=@@COLLATION_CONNECTION */;
/*!40101 SET NAMES utf8mb4 */;

--
-- Database: `oswa`
--

--
-- Dumping data for table `categories`
--

INSERT INTO `categories` (`id`, `name`, `subType`) VALUES
(2, 'Hand Sanitizer/Gel', NULL),
(3, 'Hand Sanitizer/Liquid', NULL),
(5, 'Mask/KN95', NULL),
(6, 'Mask/Surgical', NULL),
(7, 'Mask/Cloth', NULL),
(8, 'Shoe Cover', NULL),
(9, 'Masks/N95', NULL),
(10, 'Face Shields', NULL),
(11, 'Gloves', NULL),
(12, 'Booties', NULL),
(13, 'Disinfectant Spray', NULL),
(14, 'Bottles', NULL),
(15, 'Pouches', NULL),
(16, 'Gowns', NULL),
(17, 'Safety Glasses', NULL),
(18, 'Head Covers', NULL),
(19, 'Alcohol Wipes', NULL),
(20, 'Masks/Disposable-Earloop', NULL),
(21, 'Wipes-Clensing', NULL),
(22, 'Thermometer', NULL),
(23, 'Pulse Oximeter Finger', NULL),
(24, 'Floor Signage', NULL),
(25, 'Protective Screens', NULL);

--
-- Dumping data for table `media`
--

INSERT INTO `media` (`id`, `file_name`, `file_type`) VALUES
(1, 'Hand-Sanitizer-1-gallon-jug-picture.jpg', 'image/jpeg'),
(2, 'download.jpeg', 'image/jpeg'),
(5, 'Mask-KN95-ClinicalSupplies.jpg', 'image/jpeg'),
(6, 'Premium KN95 100 pack mask.png', 'image/png'),
(7, 'KN95 Filtration Mask.png', 'image/png'),
(8, 'KN95 Filtration masks 500 pack.png', 'image/png'),
(9, 'Hand Sanitizer Gel.png', 'image/png'),
(10, '55 Gallon Hand Sanitizer.png', 'image/png'),
(11, 'Hand Sanitizer Liquid.png', 'image/png'),
(12, '5 Gallon Liquid hand sanitizer.png', 'image/png'),
(13, '5 Gal Hand Sanitizer.png', 'image/png'),
(14, '5 Gal Liquid Hand sanitizer.png', 'image/png'),
(15, '5 Gallon Hand Sanitizer.png', 'image/png'),
(16, '5 Gal gel Hand sanitizer.png', 'image/png'),
(17, '1 Gallon Hand Sanitizer.png', 'image/png'),
(18, '1 Gallon Gel Hand sanitizer.png', 'image/png'),
(69, 'bloomingdalemaskcloth.jpg', 'image/webp'),
(81, 'lavendar hand sanitizer.png', 'image/png'),
(82, '64oz hand sanitizer bottle.png', 'image/png'),
(83, 'Hand sanitizer gallon.png', 'image/png'),
(84, 'vegamour.png', 'image/png'),
(85, 'Hand sanitizer 16oz.png', 'image/png'),
(86, 'Clarks botanical hand sanitizer.png', 'image/png'),
(87, 'by human kind hand sanitizer.png', 'image/png'),
(88, 'Disinfectant spray 2.5 gallon.png', 'image/png'),
(89, 'Disposable booties box of 50.png', 'image/png'),
(90, 'face shield box of 500.png', 'image/png'),
(91, 'KN95 masks case of 1000.png', 'image/png'),
(93, '32oz hand sanitizer bottle.png', 'image/png'),
(94, '1 gallon with pump and 8oz bottle.png', 'image/png'),
(95, '1 gallon with pump and 3 8oz bottle.png', 'image/png'),
(96, '4 pack gel hand sanitizer.png', 'image/png'),
(97, '1 gallon hand sanitizer bottle.png', 'image/png'),
(98, 'isophresh hand sanitizer.png', 'image/png'),
(99, '1 gallon with pump.png', 'image/png'),
(100, 'Divergent hand sanitizer.png', 'image/png'),
(101, 'old glory hand sanitizer.png', 'image/png'),
(102, '5 gallon old glory hand sanitizer.png', 'image/png'),
(103, '64oz old glory hand sanitizer.png', 'image/png'),
(104, '270 gallon old glory hand sanitizer.png', 'image/png'),
(105, '5 gallon pail old glory hand sanitizer.png', 'image/png'),
(106, 'hand sanitizer gel 275 gallon schools in.png', 'image/png'),
(107, '55 gallon hand sanitizer gel.png', 'image/png'),
(108, '5 gal hand sanitizer.png', 'image/png'),
(109, '1 Gal Hand sanitizer gel.png', 'image/png'),
(110, 'Bulk hand sanitizer detroit bus.png', 'image/png'),
(111, 'nitrile exam gloves.png', 'image/png'),
(112, '4 gallons hand sanitizer gel.png', 'image/png'),
(114, '50 pack full face visor.png', 'image/png'),
(115, 'disposable face mask 50004.png', 'image/png'),
(118, '2 gallons hand sanitizer gel 70%.png', 'image/png'),
(119, 'disposable anti virus medical grade mask.png', 'image/png'),
(120, '50pcs face shields.png', 'image/png'),
(121, 'N95 face maskks.png', 'image/png'),
(122, 'kn95 4layer masks.png', 'image/png'),
(123, '100 disposable masks wowcher.png', 'image/png'),
(124, 'craze home reusable mask.png', 'image/png'),
(125, '200 pack walmart.png', 'image/png'),
(126, 'face mask surgical supply.png', 'image/png'),
(127, 'blowout medical mask.png', 'image/png'),
(128, 'wholesale face masks disposable.png', 'image/png'),
(129, 'rehab mart 3 ply masks.png', 'image/png'),
(130, '3-ply disposable face masks.png', 'image/png'),
(131, '50 Pack face mask.png', 'image/png'),
(132, 'dhgate 3 layer mask.png', 'image/png'),
(133, 'life guard shoe covers.png', 'image/png'),
(134, '100 pck shoe covers.png', 'image/png'),
(135, 'disposable shoe covers for shoes and boots.png', 'image/png'),
(136, 'shoe covers 100 pack 50 pairs.png', 'image/png'),
(137, 'amazon 100 shoe covers pack.png', 'image/png'),
(138, '100 shoe cover pack amazon.png', 'image/png'),
(139, 'Vr shoe covers shoe in.png', 'image/png'),
(140, 'Hi guard boot covers.png', 'image/png'),
(141, 'medical shoe covers.png', 'image/png'),
(142, 'mazer wholesale shoe cover.png', 'image/png'),
(143, 'dhgate 100pcs shoe covers.png', 'image/png'),
(144, '100 pcs disposable shoe cover chagona.png', 'image/png'),
(145, 'oceantree shoe covers.png', 'image/png'),
(146, 'ipromo shoe covers.png', 'image/png'),
(147, 'sani packz 2 gallon hand sanitizer.png', 'image/png'),
(148, 'sani packs 1 gallon hand sanitizer.png', 'image/png'),
(149, 'vie med 1 gallon.png', 'image/png'),
(150, '24-410 bottle cap.png', 'image/png'),
(151, 'cylinder rounds 16oz bottle.png', 'image/png'),
(152, 'plastic bottle 32oz.png', 'image/png'),
(153, 'plastiue 16oz bottle.png', 'image/png'),
(154, '25 fl oz spout pak.png', 'image/png'),
(155, '22 fl oz spout pak.png', 'image/png'),
(156, '21 fl oz spout pak.png', 'image/png'),
(157, 'spout pak 20 fl oz stand up pouch.png', 'image/png'),
(158, 'spout pak 20 fl oz.png', 'image/png'),
(159, 'Spoutpak stand up pouch 16mm.png', 'image/png'),
(160, 'esafety supplies face masks.png', 'image/png'),
(161, 'esafety supplies protective masks.png', 'image/png'),
(162, 'esafety black cloth face mask.png', 'image/png'),
(163, 'ERC disposable mask.png', 'image/png'),
(164, 'ERC polyester white.png', 'image/png'),
(165, 'erc face mask black.png', 'image/png'),
(166, 'ali express 4 pack mask.png', 'image/png'),
(167, 'ali express pink face masks.png', 'image/png'),
(168, 'ali express black mask cloth.png', 'image/png'),
(169, 'Dhgate black cloth masks.png', 'image/png'),
(170, 'amazon 3 pack black face mask.png', 'image/png'),
(171, 'amazon herobiker black face masks.png', 'image/png'),
(172, 'amazon cotton 2 pack.png', 'image/png'),
(173, 'Etsy 2 ply face masks.png', 'image/png'),
(174, '50 washable face masks etsy.png', 'image/png'),
(180, 'Ali baba black nitrile gloves.png', 'image/png'),
(181, 'Ali baba disposable gloves.png', 'image/png'),
(182, 'MCR safety inspection gloves.png', 'image/png'),
(183, 'full source latex gloves.png', 'image/png'),
(184, 'full source grippaz.png', 'image/png'),
(185, 'shamrock latex gloves.png', 'image/png'),
(186, 'halyard powder free gloves.png', 'image/png'),
(187, 'kimberly box of 100.png', 'image/png'),
(188, 'sani packz nitrile gloves.png', 'image/png'),
(189, 'Microflex esafetysupplies.png', 'image/png'),
(190, 'FDA approved hand sanitizer tmc.png', 'image/png'),
(191, '7000 gallons tanker tmc.png', 'image/png'),
(192, 'case of 4 1gallon jugs tmc.png', 'image/png'),
(193, '48 cases of 4x1 gallon jugs tmc.png', 'image/png'),
(194, '55 gallon drum tpc.png', 'image/png'),
(195, 'berlin packaging 16oz bottle.png', 'image/png'),
(196, 'esafety supplies latex gloves.png', 'image/png'),
(197, 'blue latex gloves esupplies.png', 'image/png'),
(198, 'synetron esupplies gloves.png', 'image/png'),
(199, 'powder free esafety supplies.png', 'image/png'),
(200, 'life guard esafety supplies.png', 'image/png'),
(201, 'esupplies sentry latex gloves.png', 'image/png'),
(202, 'esupplies black gloves box.png', 'image/png'),
(203, 'great gloves esupplies.png', 'image/png'),
(204, 'skintix latex gloves esupplies.png', 'image/png'),
(205, 'diamond grip gloves.png', 'image/png'),
(206, 'KN95 anti germo masks.png', 'image/png'),
(207, 'family bundle anti germ.png', 'image/png'),
(208, 'hand sanitizer spray anti germ pro.png', 'image/png'),
(209, 'Glide on Powder free medline.png', 'image/png'),
(210, 'curad powder free gloves medline.png', 'image/png'),
(211, 'disposable kn95 masks direct supply.png', 'image/png'),
(212, 'N95 mask direct supply.png', 'image/png'),
(213, 'direct supply liqud hand sanitizer.png', 'image/png'),
(214, 'shoe cover direct supply.png', 'image/png'),
(215, 'disposable shoe covers direct supply.png', 'image/png'),
(216, 'GIKO - N95 Maks.PNG', 'image/png'),
(217, 'direct supply face shield.png', 'image/png'),
(218, 'direct supply high performance.png', 'image/png'),
(219, 'direct supply nitrile gloves.png', 'image/png'),
(220, 'purple nitrile gloves.png', 'image/png'),
(221, 'Disinfectant spray direct supply.png', 'image/png'),
(222, 'Disinfectant spray 12 case direct supply.png', 'image/png'),
(223, '3 PLY disposable MAsk.PNG', 'image/png'),
(224, 'non medical medline.png', 'image/png'),
(225, 'Gown.PNG', 'image/png'),
(226, '3M-9501V-Mask-Anti-dust-masks-KN95-Masks-Anti-haze-Riding-Protective-Masks-Anti-particles-Electrostatic.jpg', 'image/jpeg'),
(227, '3M-3200-50pcs-Filters-Half-Face-Dust-Gas-Mask-KN95-Respirator-Safety-Protective-Mask-Anti-Dust.jpg', 'image/jpeg'),
(228, '1OZ sanitzer.PNG', 'image/png'),
(229, 'Black Cloth mask.PNG', 'image/png'),
(230, 'Clear Glasses.PNG', 'image/png'),
(231, 'Face Shield.PNG', 'image/png'),
(232, 'KN95 Masks.PNG', 'image/png'),
(233, 'clear santizer.PNG', 'image/png'),
(234, 'glovess.PNG', 'image/png'),
(235, 'Gown blue.PNG', 'image/png'),
(236, 'Capturedisposable masks.PNG', 'image/png'),
(237, 'disposable shoes.PNG', 'image/png'),
(238, 'Disposable hats.PNG', 'image/png'),
(239, 'Liquid Hand Sanitizer With Pump Sandford DMD.jpg', 'image/jpeg'),
(240, 'search-at74531.jpg', 'image/jpeg'),
(241, 'ASAP_Face_Shield_Preview2.jpg', 'image/jpeg'),
(242, 'FS-POP-Preview.jpg', 'image/jpeg'),
(243, 'EFSFP-510x510.jpg', 'image/jpeg'),
(244, 'polyu-faceshield-1.png', 'image/png'),
(245, 'editedwhite.jpg', 'image/jpeg'),
(246, 'EHS1GL-510x510.jpg', 'image/jpeg'),
(247, '81UVqqv1PxL._SL1500_.jpg', 'image/jpeg'),
(248, 'WEFSHS-510x510.jpg', 'image/jpeg'),
(249, 'dermarite-industries-gelrite-instant-hand-sanitizer-model-00106-50e.jpg', 'image/jpeg'),
(250, 'EFMNS-510x510.jpg', 'image/jpeg'),
(251, 'QEFSADJ6-510x510.jpg', 'image/jpeg'),
(252, '4533.jpg', 'image/jpeg'),
(253, 'FaceShield-4-768x768.jpg', 'image/jpeg'),
(254, 'Reusable-Gown-Level-1.jpg', 'image/jpeg'),
(255, 'Disposable-Gown-Level-1_2.jpg', 'image/jpeg'),
(256, 'Screen+Shot+2020-05-28+at+11.14.37+AM.png', 'image/png'),
(257, 'Screen+Shot+2020-05-28+at+11.14.23+AM.jpg', 'image/jpeg'),
(258, 'Liquid Hand Sanitizer 2oz Sandford DMD.jpg', 'image/jpeg'),
(259, 'Liquid Hand Sanitizer 2 oz Spray Bottle Six pack.png', 'image/png'),
(260, 'Cover Gowns.jpg', 'image/jpeg'),
(261, 'Liquid Hand Sanitizer  With Pump 12 Oz Citrus.png', 'image/png'),
(262, '300px-No_image_available.svg.png', 'image/png'),
(263, 'No_Image_300x300.png', 'image/png'),
(265, 'Liquid Hand Sanitizer Without Pump.png', 'image/png'),
(266, 'Liquid Hand Sanitizer 1 Gallon.png', 'image/png'),
(267, 'Liquid Hand Sanitizer 28 oz Spray Bottle.jpg', 'image/jpeg'),
(268, 'Mask.jpg', 'image/jpeg'),
(269, 'Medical Surgical Mask.jpg', 'image/jpeg'),
(270, 'Cloth Washable and Reusable Mask.jpg', 'image/jpeg'),
(271, 'Protective Barrier.jpg', 'image/jpeg'),
(272, 'Floor Decals - Footprint Vinyl Adhesive.jpg', 'image/jpeg'),
(273, 'Face Shield with Foam.jpg', 'image/jpeg'),
(274, 'Surgical Masks.jpg', 'image/jpeg'),
(275, '3M 6200 Medium Respirator Masks.jpg', 'image/jpeg'),
(276, 'Medline disinfectant wipes.png', 'image/png'),
(277, 'medical supply airlife glove.png', 'image/png'),
(278, 'universal heavy duty shoe cover.png', 'image/png'),
(279, 'medical supply thermometer.png', 'image/png'),
(280, 'Pre usa supply face masks.png', 'image/png'),
(281, 'PPE usa supply gloves.png', 'image/png'),
(282, 'adjustable cloth masks ppe supply.png', 'image/png'),
(283, '1 gallon ppe usa hand sanitizer.png', 'image/png'),
(284, 'KN95 Masks PPE usa supply.png', 'image/png'),
(285, 'Vinyl gloves ppe usa.png', 'image/png'),
(286, 'PPE usa supply gown.png', 'image/png'),
(287, 'reusable gowns ppe usa.png', 'image/png'),
(288, 'Clorox disinfectant wipes.png', 'image/png'),
(289, 'alcohol prep PPE usa.png', 'image/png'),
(290, 'GIKO n95 masks.png', 'image/png'),
(291, 'Makrite N95 masks.png', 'image/png'),
(292, '3 ply face masks M plus.png', 'image/png'),
(293, 'M plus disposable gowns.png', 'image/png'),
(294, 'magicare amazon KN95 face masks.png', 'image/png'),
(295, 'lysol all purpose cleaner.png', 'image/png'),
(296, 'Germisept wipes.png', 'image/png'),
(298, 'new_no_image.jpg', 'image/jpeg');

--
-- Dumping data for table `messagetype`
--

INSERT INTO `messagetype` (`id`, `name`) VALUES
(1, 'PSA');

--
-- Dumping data for table `notifications`
--

INSERT INTO `notifications` (`id`, `messageContent`, `messageType`) VALUES
(1, 'NOTICE:  As you know, we are currently experiencing shortages of fairly priced gloves.  We have scoured the internet and added the some of the better priced gloves along with some over priced products in the event the well priced suppliers become sold out.  CLICK THE CHAT BUTTON BELOW TO ADD ANY PRODUCT REQUESTS AND WE WILL HELP YOU FIND THEM.', 1);

--
-- Dumping data for table `products`
--

INSERT INTO `products` (`id`, `name`, `quantity`, `buy_price`, `sale_price`, `categorie_id`, `media_id`, `date`, `singleUnit`, `itemLink`, `city`, `zipcode`, `phone`, `email`, `delieveryTime`, `freeShipping`, `company`, `website`, `description`, `purchaseType`, `reviewLink`, `singleUnits`, `singleValue`) VALUES
(5, 'Premium KN95 Masks', '1000', '4099.95', '4099.95', 5, 5, '2020-05-29 21:21:40', '', 'https://clinicalsuppliesusa.com/collections/kn95-masks/products/gran_pack_1000_premium_kn95_masks', 'San Diego, CA', '22434', '801-215-9185', '', '', 'NO', 'Clinical Supplies', ' https://clinicalsuppliesusa.com/', 'DISPATCH SAME DAY OR NEXT DAY If the order was placed on the weekend - dispatch will be on Monday  1000 pack of KN95 face masks.  From the manufacturer -   KN95 filter mask features: Breathable and anti-fog for extended use. Three-dimensional filter and lightweight design to comfortably wrap around the ears with built-in elastic bands. The KN95 mask has a 4 layer design:  Surface layer - fine quality non-woven cloth: block air pollution particles from entering. PM2.5 particle layer - ultra-fine cotton filter layer designed to effectively prevent the entrance of PM2.5 particles. Inner protection layer - high-quality meltblown non-woven fabric: soft, breathable and thin. Final fabric protection layer - skin-friendly non-woven fabric layer, complete filtering.', 'Wholesale', 'https://www.youtube.com/watch?v=CUJpSwmp0sM', 'Per Case', 1000),
(8, 'Premium KN95 Masks (100 Pack)', '100', '499.00', '499.00', 5, 6, '2020-05-29 22:58:10', '', 'https://clinicalsuppliesusa.com/products/jumbo_pack_100_premium_kn95_masks?_pos=7&amp;amp;amp;_sid=720581f3d&amp;amp;amp;_ss=r', 'San Diego, CA', '22434', '801-215-9186', 'clinicalsupplieshq@gmail.com', '', 'NO', 'Clinical Supplies ', ' https://clinicalsuppliesusa.com/', 'Premium KN95 Masks (100 Pack)', 'Wholesale', 'https://www.youtube.com/watch?v=CUJpSwmp0sM', 'Per Case', 100),
(9, 'KN95 Filtration Masks', '999', '2200.00', '2200.00', 5, 7, '2020-05-29 23:03:57', '', ' https://masksbywhizley.com/collections/kn95-filtration-face-masks/products/kn95-filtration-3-ply-layered-personal-protection-face-mask-1000-pcs-supply', 'Tustin, California', '92780', ' (714) 675-6200', 'sales@masksbywhizley.com', '', 'NO', 'Masks by Whizley', ' https://masksbywhizley.com/', 'KN95 Filtration Masks', 'Wholesale', '', 'Per Case', 1000),
(10, 'KN95 Filtration Masks (500 Pack)', '500', '1700.00', '1700.00', 5, 8, '2020-05-29 23:09:26', '', ' https://masksbywhizley.com/collections/kn95-filtration-face-masks/products/kn95-filtration-gb2626-2006-standard-4-ply-personal-protection-face-mask-500pc-supply', 'Tustin, California', '92780', ' (714) 675-6201', 'sales@masksbywhizley.com', '', 'NO', 'Masks by Whizley', ' https://masksbywhizley.com/', 'KN95 Filtration Masks (500 pack)', 'Wholesale', '', 'Per Case', 500),
(11, 'Hand Sanitizer Gel', '100', '1650.00', '1650.00', 2, 9, '2020-05-29 23:19:25', '', 'https://solvsource.com/products/hand-sanitizer-gel-1', 'San Diego, CA', '92064', 'N/A', 'kyle@solvsource.com', '', 'NO', 'SolvSource', 'https://solvsource.com/', '55 Gallons of Hand Sanitizer Gel', 'Wholesale', '', 'Gallons Per Case', 55),
(12, '55 Gallons of Hand Sanitizer (Liquid)', '100', '1375.00', '1375.00', 3, 10, '2020-05-29 23:25:33', '', 'https://www.nugentec.com/hand-sanitizer-55-gallon-drum', 'Emeryville, California', '94608', '888-996-8436', 'salesteam@nugentec.com', '', 'NO', 'NugenTec', 'https://www.nugentec.com/', '55 Gallons of Hand Sanitizer (Liquid)', 'Wholesale', 'https://www.youtube.com/watch?v=AfxfpkYqUsg', 'Gallons Per Case', 55),
(13, 'Hand Sanitizer (8oz Spray Bottle)', '100', '0.00', '0.00', 3, 11, '2020-05-29 23:34:03', '8oz Spray Bottle', 'https://www.nugentec.com/hand-sanitizer-8-oz-bottle', 'Emeryville, California', '94608', '888-996-8436', 'salesteam@nugentec.com', '', 'NO', 'NugenTec', 'https://www.nugentec.com/', '8oz Spray Bottle', 'Retail', '', '8oz Bottle', 1),
(14, 'Hand Sanitizer (5 Gallon)', '100', '160.00', '160.00', 3, 12, '2020-05-29 23:41:18', '', 'https://shop.inkjetinc.com/shop/inks/liquid-hand-sanitizer-5-gallon-pail', 'Willis, TX', '77378', '(800) 280-3245', 'msds@inkjetinc.com', '', 'NO', 'Inkjet Inc', 'https://www.inkjetinc.com/', '5 Gallon Liquid Hand Sanitizer', 'Wholesale', '', 'Gallons Per Case', 5),
(16, 'Hand Sanitizer (5 Gallon Pail)', '0', '110.00', '110.00', 3, 14, '2020-05-29 23:49:42', '', 'https://www.tmcindustries.com/FDA-Approved-Hand-Sanitizer--5-gallon-Pail-80-Liquid-Alcohol_p_823.html', 'Waconia, MN', '55387', '800-772-8179', 'sales@tmcindustries.com', '', 'NO', 'TMC Industries Inc', 'https://www.tmcindustries.com/', '5 Gallon Liquid Hand Sanitizer', 'Wholesale', '', 'Gallons Per Case', 5),
(17, 'Hand Sanitizer (5 Gal)', '100', '159.00', '159.00', 2, 15, '2020-05-29 23:56:21', '', 'https://us.shop.minetanbodyskin.com/products/hand-sanitizer-gel-5-gallon', 'Alexandria, TN', '37012', '1 (800) 914-3880', 'hello@marqgroup.com', '', 'NO', 'B.tan', 'https://us.shop.minetanbodyskin.com/collections/bclean', '5 Gallon Gel Hand Sanitizer', 'Wholesale', '', 'Gallons Per Case', 5),
(18, 'Hand Sanitizer Gel (5 Gallons)', '100', '149.00', '149.00', 2, 16, '2020-05-30 00:07:43', '', 'https://shop.privatelabeltan.com/products/hand-sanitizer-gel-5-gallons?variant=32064668532799', 'NA', 'NA', 'N/A', 'brands@marqgroup.com', '', 'NO', 'Private Label', 'https://privatelabeltan.com/?country=us', '5 Gallon Gel Hand Sanitizer', 'Wholesale', '', 'Gallons Per Case', 5),
(19, 'Hand Sanitizer (1 Gallon)', '100', '0.00', '0.00', 2, 17, '2020-05-30 00:14:11', '', 'https://www.amazon.com/SaniPro-Formulation-Sanitizer-Disinfects-Conditions/dp/B087TJ5XWP/ref=sr_1_4?dchild=1&amp;amp;amp;amp;amp;keywords=gallon+hand+sanitizer&amp;amp;amp;amp;amp;qid=1589992877&amp;amp;amp;amp;amp;sr=8-4', 'Seattle, Washington', '98109', '1 (206) 922-0880', 'primary@amazon.com', '', 'NO', 'Amazon', 'amazon.com', '1 Gallon Hand Sanitizer', 'Wholesale', 'https://www.youtube.com/watch?v=ZMkV1odRRN8', 'Gallon Per Case', 1),
(21, 'Hand Sanitizer Gel (1 Gallon)', '100', '6336.00', '6336.00', 2, 18, '2020-05-30 00:23:37', '', 'https://solvsource.com/products/hand-sanitizer-gel-1', 'San Diego, CA', '92064', 'N/A', 'Orders@SolvSource.com', '', 'NO', 'SolvSource', 'https://solvsource.com/', '1 Gallon Hand Sanitizer', 'Wholesale', '', 'Gallon Per Case', 1),
(22, 'Disposable Medical Shoe Covers', '1000', '1970.00', '1970.00', 8, 146, '2020-06-01 23:17:41', '', 'https://www.ipromo.com/promo-item/IP-MSHOECVRS/Disposable-Medical-Shoe-Covers.html?cid=', 'Chicago, IL', '60661', ' +1 888-994-7766', 'sales@ipromo.com', '', 'NO', 'iPromo', 'https://www.ipromo.com/home.jhtm', 'Disposable shoe covers', 'Wholesale', '', 'Per Case', 1000),
(23, 'Oceantree Disposable Shoe Covers ', '100', '15.99', '15.99', 8, 145, '2020-06-02 21:30:02', '', 'https://www.greatihealth.com/products/oceantree-shoe-covers-disposable--100-pack%EF%BC%8850-pairs%EF%BC%89-disposable-shoe---boot-covers-waterproof-slip-resistant-non-slip--durable-boot-shoes-cover--one-size-fits-all--clear-blue-', 'Shenzhen, China', '510810', '852-561-23893', 'Support@GreatiHealth.com', '', 'NO', 'GreatiHealth', 'https://www.greatihealth.com/', 'Disposable shoe covers', 'Wholesale', '', 'Per Case', 100),
(24, '100pcs Disposable Shoe Covers', '100', '19.99', '19.99', 8, 144, '2020-06-02 21:35:31', '', 'https://www.chagona.com/products/100-pcs-disposable-shoe-cover?gclid=CjwKCAjwztL2BRATEiwAvnALciB7h4ivq_Cl6-5uPIAX6Z6RQT1erOkSAbrygq89IuHZpvrtwAuUSxoChWgQAvD_BwE', 'Kwai Chung, China', '99907', '852-561-23893', 'Guerrapindentureb993691@gmail.com', '', 'NO', 'Chagona', 'https://www.chagona.com/', 'Disposable shoe covers', 'Wholesale', '', 'Per Case', 100),
(25, '100pcs Disposable Shoe Cover Dust proof Non-slip Shoe Cover', '100', '26.00', '26.00', 8, 143, '2020-06-02 21:43:57', '', 'https://www.dhgate.com/product/100pcs-disposable-shoe-cover-dustproof-non/531382125.html#s1-0-1b;srp%7C0220809822', 'Beijing, China', '100600', '86 108 225 7676', 'customer-support@dhgate.com', '', 'NO', 'Dhgate', 'http://www.dhgate.com', 'Disposable shoe covers', 'Wholesale', '', 'Per Case', 100),
(26, 'Disposable Shoe Covers', '100', '49.00', '49.00', 8, 142, '2020-06-02 21:46:30', '', ' https://mazerwholesale.com/shop/restoration-and-contractors-supplies/disposable-shoe-covers/', 'Cherry Hill, New Jersey', '08002', ' 1 800-343-0780', 'info@mazerwholesale.com', '', 'NO', 'Mazer Wholesale Inc', 'http://www.mazerwholesale.com', 'Disposable shoe covers', 'Wholesale', '', 'Per Case', 100),
(27, 'Medical Disposable Shoe Covers', '100', '8.93', '8.93', 8, 141, '2020-06-02 22:01:23', '', 'https://www.usamedicalsurgical.com/medical-shoe-covers/', 'St. Louis, MO', '63144', '888-215-0718', 'sales@usamedicalsurgical.com', '', 'NO', 'USA Medical and Surgical Supplies', 'https://www.usamedicalsurgical.com/', 'Disposable shoe covers', 'Wholesale', '', 'Per Case', 1000),
(28, 'High Guard Boot Covers', '120', '127.89', '127.89', 8, 140, '2020-06-02 22:11:29', '', 'https://www.blowoutmedical.com/hi-guard-boot-covers-non-skid.html', 'Evanston, WY', '82930', ' 855-476-8621', 'support@blowoutmedical.com', '', 'NO', 'Blowout Medical', 'https://www.blowoutmedical.com/', 'Boot Covers', 'Wholesale', '', 'Per Case', 1000),
(29, 'VR Shoe Covers', '100', '158.00', '158.00', 8, 139, '2020-06-02 22:40:33', '', 'https://www.shoeinnshoecovers.com/PolyCo-VR-Shoe-Covers-Large-4-mil-100-pairs-p/vr-sc-l-4mil-100-shoe-covers.htm', 'Knoxville, TN', '37901', ' (877) 595-7463', 'info@theshoecovers.com', '', 'NO', 'Shoe Inn', 'https://www.shoeinnshoecovers.com/', 'Disposable shoe covers', 'Wholesale', '', 'Per Case', 100),
(30, '100 Pack Shoe Cover', '100', '22.91', '22.91', 8, 138, '2020-06-02 23:08:15', '', 'https://www.amazon.ca/Sfee-Covers-Disposable-Recyclable-Construction-Protection/dp/B07BGY5W9G?ref_=fsclp_pl_dp_1&amp;amp;amp;amp;th=1&amp;amp;amp;amp;psc=1', 'Seattle, Washington', '98109', '1 (206) 922-0880', 'primary@amazon.com', '', 'NO', 'Amazon', 'https://www.amazon.com/ref=nav_logo', 'Disposable shoe covers', 'Wholesale', '', 'Per Case', 100),
(31, '100 Pack Shoe Covers', '100', '19.14', '19.14', 8, 137, '2020-06-02 23:15:10', '', 'https://www.amazon.ca/100-Pack-Shoe-Covers-Construction/dp/B07B2RDDCQ?ref_=fsclp_pl_dp_2', 'Seattle, Washington', '98109', '1 (206) 922-0880', 'primary@amazon.com', '', 'NO', 'Amazon', 'amazon.com', 'Disposable shoe covers', 'Wholesale', '', 'Per Case', 100),
(32, 'Shoe Covers Disposable-100 Pack', '100', '12.52', '12.52', 8, 136, '2020-06-02 23:52:11', '', 'https://www.walmart.com/ip/JPGIF-Shoe-Covers-Disposable-100-Pack-50-Pairs-Disposable-Shoe-Boot-Covers/414348211?adid=22222222254369722107&amp;amp;amp;amp;wmlspartner=wmtlabs&amp;amp;amp;amp;wl0=b&amp;amp;amp;amp;wl1=g&amp;amp;amp;amp;wl2=c&amp;amp;amp;amp;wl3=431975848229&amp;amp;amp;amp;wl4=dsa-900594251716&amp;amp;amp;amp;wl5=1009016&amp;amp;amp;amp;wl6=117575978281&amp;amp;amp;amp;wl7=2840&amp;amp;amp;amp;wl8=&amp;amp;amp;amp;veh=sem', 'Miami, FL', '33162', '1-800-925-6278', 'service@walmartcontacts.com', '', 'NO', 'Walmart', 'https://www.walmart.com/', 'Disposable shoe covers', 'Wholesale', '', 'Per Case', 100),
(33, 'Disposable Shoe Covers For shoes and Boots', '1000', '124.82', '124.82', 8, 135, '2020-06-03 00:05:16', '', 'https://www.ebay.com/itm/Disposable-Shoe-Covers-For-Shoes-And-Boots-Protect-Carpets-Floors-Blue/142696229833?hash=item21395babc9:m:mIsf1NlVfyejD3JA0fkT5gA&amp;amp;amp;amp;var=441685785776', 'San Jose, CA', '94088', '1-866-540-3229', 'customerhelp@ebay', '', 'NO', 'Ebay', 'ebay.com', 'Disposable shoe covers', 'Wholesale', '', 'Per Case', 1000),
(34, '100 Pack Shoe Covers-Disposable Hygienic Boot Cover 50 Pairs', '100', '442.95', '442.95', 8, 134, '2020-06-03 00:11:36', '', 'https://www.ebay.com/itm/100-Pack-Shoe-Covers-Disposable-Hygienic-Boot-Cover-50-Pairs/113384742506?hash=item1a6641de6a:m:mBI392WrNaNtUVVDshaiF8w&amp;amp;amp;amp;var=414443689939', 'San Jose, CA', '94088', '1-866-540-3230', 'customerhelp@ebay', '', 'NO', 'Ebay', 'https://www.ebay.com/', 'Disposable shoe covers', 'Wholesale', '', 'Per Case', 1000),
(35, 'Life Guard Shoe Covers', '100', '60.99', '60.99', 8, 133, '2020-06-03 00:26:11', '', 'https://www.esafetysupplies.com/products/shoe-cover-case-1', 'City of Industry, California', '91746', '(626) 369-1280', 'info@esafetysupplies.com', '', 'NO', 'eSafety Supplies', 'https://www.esafetysupplies.com/', 'Disposable shoe covers', 'Wholesale', '', 'Per Case', 100),
(36, 'Disposable Face Masks', '800', '16.00', '16.00', 7, 132, '2020-06-03 00:37:49', '', 'https://www.dhgate.com/product/7264991-ready-to-ship-dhl-5-10-days-delivery/527624526.html#s1-3-1b;srp%7C2722313748', 'Beijing, China', '100600', '86 108 225 7676', 'customer-support@dhgate.com', '', 'NO', 'Dhgate', 'http://www.dhgate.com', 'Disposable face masks', 'Wholesale', '', 'Per Case', 800),
(37, '50 Pack Face Mask reusable black with filter pocket', '50', '263.65', '263.65', 7, 131, '2020-06-03 01:11:14', '', 'https://www.etsy.com/no-en/listing/794812049/50-pack-face-mask-reusable-black-with?ga_order=most_relevant&amp;amp;amp;amp;ga_search_type=all&amp;amp;amp;amp;ga_view_type=gallery&amp;amp;amp;amp;ga_search_query=wholesale+face+mask&amp;amp;amp;amp;ref=sc_gallery-1-1&amp;amp;amp;amp;plkey=1beaa990f78d5c3598ddbea514b288524beae30d%3A794812049&amp;amp;amp;amp;bes=1', 'Brooklyn, NY', '11201', '(718) 855-7955', 'transactions@etsy.com', '', 'NO', 'Etsy', 'etsy.com/no-en/?ref=lgo', 'Disposable face masks', 'Wholesale', '', 'Per Case', 50),
(38, '3-Ply Disposable 1.4 Micron Filtration Face Masks', '100', '50.00', '50.00', 7, 130, '2020-06-03 01:50:34', '', 'https://www.eroswholesale.com/bulk-work-gloves-industrial-safety-shipping-supplies/industrial-safety-wear/face-masks-respirators.html', 'Huntington Valley, PA', '19006', '1-888-376-7776', 'help@eroswholesale.com', '', 'NO', 'Eros Wholesale', 'eroswholesale.com', 'Disposable face masks', 'Wholesale', '', 'Per Case', 100),
(39, '3-Ply Protective Face Mask', '200', '249.00', '249.00', 7, 129, '2020-06-03 02:20:19', '', 'https://www.rehabmart.com/product/earloop-3ply-facemask-48805.html', 'Elberton, GA', '30635-4484', '1 800-827-8283', 'assistance@rehabmart.com', '', 'NO', 'Rehab Mart', 'https://www.rehabmart.com/', 'Disposable face masks', 'Wholesale', '', 'Per Case', 200),
(40, 'Disposable Mask Protect Mouth 3 Ply Non-Medical', '1000', '479.99', '479.99', 7, 128, '2020-06-03 03:01:13', '', 'https://www.gearbest.com/braces---supports/pp_3009759722471049.html?wid=2000001#goodsDetail', 'San Diego, CA', '91932', '1 360-824-5022', 'support@gearbest.com', '', 'NO', 'Gearbest', 'https://www.gearbest.com/', 'Disposable face masks', 'Wholesale', '', 'Per Case', 1000),
(41, 'MCKESSON SURGICAL MASK (ONE SIZE) ', '50', '8.01', '8.01', 6, 127, '2020-06-03 03:15:09', '50 per box', 'https://www.blowoutmedical.com/mckesson-surgical-mask-one-size-fits-most-91-1200.html', 'Evanston, WY', '82930', '855-476-8621', 'support@blowoutmedical.com', '', 'NO', 'Blowout Medical', 'https://www.blowoutmedical.com/', 'Disposable surgical masks', 'Wholesale', '', 'Per Case', 50),
(42, 'Surgical Face Masks', '1000', '317.99', '317.99', 6, 126, '2020-06-03 18:26:32', '', 'https://www.ebay.co.uk/itm/Surgical-Face-Mask-3Ply-Disposable-Face-Mouth-Nose-Protection-Masks/362968511021?hash=item54829bf22d:m:mBJSnc2fO_7fEsX46ucWgBQ', 'San Jose, CA', '94088', '1-866-540-3230', 'customerhelp@ebay', '', 'NO', 'Ebay', 'https://www.ebay.com/', 'Disposable face masks', 'Wholesale', '', 'Per Case', 1000),
(43, 'Chromex 50 Ear Loop Style 3 Ply Non Woven Breathable Disposable Face Masks', '200', '97.99', '97.99', 7, 125, '2020-06-03 18:34:02', '200 per case', 'https://www.walmart.com/ip/Chromex-3-Ply-Non-Woven-Ear-Loop-Style-Breathable-Disposable-Face-Masks-200-Pack/546633725?selected=true', 'Miami, FL', '33162', '1-800-925-6278', 'service@walmartcontacts.com', '', 'NO', 'Walmart', 'https://www.walmart.com/', 'Disposable face masks', 'Wholesale', '', 'Per Case', 200),
(44, 'Washable Reusable Mask With 5-layer', '0', '399.99', '399.99', 7, 124, '2020-06-03 19:07:38', '100 per pack', 'https://www.crazehome.com/products/washable-rusable-mask-with-5-layer-filter-adult-with-valve-activated-carbon-anti-fog-ant-pm25', 'NA', '0000', 'N/A', 'cs@crazehome.com', '', 'NO', 'Craze Home', 'https://www.crazehome.com/', 'Disposable face masks', 'Wholesale', '', 'Per Case', 100),
(45, 'Reusable Black Face Masks - 5 or 10!', '100', '12.74', '12.74', 7, 123, '2020-06-03 19:34:53', '10 per pack', 'https://www.wowcher.co.uk/deal/london/14728943/black-reusable-face-masks?usr_src=recentlyviewed', 'London, UK', '533425', '44 20 3699 5024', 'press@wowcher.co.uk', '', 'NO', 'Wowcher', 'https://www.wowcher.co.uk/deals/shop', 'Disposable face masks', 'Wholesale', '', 'Per Case', 10),
(46, 'KN95 4layer mask International Health Standards 100pcs', '0', '399.99', '399.99', 5, 122, '2020-06-03 19:39:18', '100 per pack', 'https://www.crazehome.com/products/kn95-4layer-mask-international-health-standards-100pcs', 'NA', '0000', 'NA', 'cs@crazehome.com', '', 'NO', 'Craze Home', 'https://www.crazehome.com/', 'Disposable face masks', 'Wholesale', '', 'Per Case', 100),
(47, 'Disposable Anti-virus Medical Grade Mask 200pcs', '0', '220.99', '220.99', 7, 119, '2020-06-03 19:43:56', '200 per pack', 'https://www.crazehome.com/products/disposable-anti-virus-medical-grade-mask-200pcs', 'NA', '0000', 'NA', 'cs@crazehome.com', '', 'NO', 'Craze Home', 'https://www.crazehome.com/', 'Disposable face masks', 'Wholesale', '', 'Per Case', 200),
(48, 'N95 Facemask International Health Standards', '0', '119.95', '119.95', 9, 121, '2020-06-03 19:47:56', '20 per pack', 'https://www.crazehome.com/products/n95-facemask-international-health-standards-ffp2-20pcs', 'NA', '0000', 'NA', 'cs@crazehome.com', '', 'NO', 'Craze Home', 'https://www.crazehome.com/', 'Disposable face masks', 'Wholesale', '', 'Per Case', 20),
(49, 'Face Shield', '0', '299.50', '299.50', 10, 120, '2020-06-03 19:52:48', '50 per pack', 'https://www.crazehome.com/products/face-shield-50pcs-per-399', 'NA', '0000', 'NA', 'cs@crazehome.com', '', 'NO', 'Craze Home', 'https://www.crazehome.com/', 'Protective face shield', 'Wholesale', '', 'Per Case', 50),
(50, 'Disposable Anti-Virus Surgical Masks', '0', '320.00', '320.00', 6, 119, '2020-06-03 19:56:06', '', 'https://www.crazehome.com/products/disposable-anti-virus-medical-grade-mask-300pcs', 'NA', '0000', 'NA', 'cs@crazehome.com', '', 'NO', 'Craze Home', 'https://www.crazehome.com/', 'Disposable face surgical masks', 'Wholesale', '', 'Per Case', 300),
(51, '2 Gallon Bulk Hand Sanitizer Gel', '100', '109.95', '109.95', 2, 147, '2020-06-03 20:00:53', '', 'https://sanipackz.com/products/70-alcohol-1-gallon-hand-sanitizer-gel-4-gallons-512-fl-ounces', 'Oakdale, MN', '55128', 'NA', 'support@sanipackz.com', '', 'NO', 'Sani Packz', 'https://sanipackz.com/', '2 Gallon Gel Hand Sanitizer', 'Wholesale', '', 'Gallons Per Case', 2),
(52, 'Disposable Face Masks-100 units', '100', '58.90', '58.90', 7, 115, '2020-06-03 20:11:15', '', 'https://sanipackz.com/collections/face-masks/products/disposable-face-mask-100-units-pack', 'Oakdale, MN', '55128', 'NA', 'support@sanipackz.com', '', 'NO', 'Sani Packz', 'https://sanipackz.com/', 'Disposable face masks', 'Wholesale', '', 'Per Case', 100),
(53, 'Disposable Face Masks-500 units', '500', '259.90', '259.90', 7, 115, '2020-06-03 20:15:03', '500 per unit', 'https://sanipackz.com/collections/face-masks/products/disposable-face-mask-500-units-pack', 'Oakdale, MN', '55128', 'NA', 'support@sanipackz.com', '', 'NO', 'Sani Packz', 'https://sanipackz.com/', 'Disposable face masks', 'Wholesale', '', 'Per Case', 500),
(54, 'Disposable Face Masks-1000 units', '1000', '509.95', '509.95', 7, 115, '2020-06-03 20:18:04', '1000 per unit', 'https://sanipackz.com/collections/face-masks/products/disposable-face-mask-1000-units-pack', 'Oakdale, MN', '55128', 'NA', 'support@sanipackz.com', '', 'NO', 'Sani Packz', 'https://sanipackz.com/', 'Disposable face masks', 'Wholesale', '', 'Per Case', 1000),
(55, 'Disposable Face Masks-5000 units', '5000', '2499.95', '2499.95', 7, 115, '2020-06-03 20:22:07', '', 'https://sanipackz.com/collections/face-masks/products/copy-of-disposable-face-mask-5000-units-pack', 'Oakdale, MN', '55128', 'NA', 'support@sanipackz.com', '', 'NO', 'Sani Packz', 'https://sanipackz.com/', 'Disposable face masks', 'Wholesale', '', 'Per Case', 5000),
(56, 'Full face visor', '50', '249.95', '249.95', 10, 114, '2020-06-03 20:29:31', '50 pack ', 'https://sanipackz.com/collections/face-masks/products/full-face-visor-direct-splash-protection-with-clear-shield', 'Oakdale, MN', '55128', 'NA', 'support@sanipackz.com', '', 'NO', 'Sani Packz', 'https://sanipackz.com/', 'Full face protective visor', 'Wholesale', '', 'Per Case', 50),
(57, 'Hand Sanitizer- 1 Gallon', '100', '59.95', '59.95', 2, 148, '2020-06-03 20:40:17', '', 'https://sanipackz.com/collections/hand-sanitizer/products/70-alcohol-hand-sanitizer-gel-1-gallons-hand-sanitizer-gel-1-gallons-128-fl-ounces', 'Oakdale, MN', '55128', 'NA', 'support@sanipackz.com', '', 'NO', 'Sani Packz', 'https://sanipackz.com/', '1 Gallon Hand Sanitizer', 'Wholesale', '', 'Gallon Per Case', 1),
(58, 'Hand Sanitizer- 4 Gallons', '100', '159.95', '159.95', 2, 112, '2020-06-03 20:46:00', '', 'https://sanipackz.com/collections/hand-sanitizer/products/1-gallon-hand-sanitizer-4-gallons-512-fl-ounces', 'Oakdale, MN', '55128', 'NA', 'support@sanipackz.com', '', 'NO', 'Sani Packz', 'https://sanipackz.com/', '4 Gallon Gel Hand Sanitizer', 'Wholesale', '', 'Gallons Per Case', 4),
(59, 'Nitrile Exam Gloves, Powder Free', '100', '27.00', '27.00', 11, 111, '2020-06-03 20:58:35', '', 'https://sanipackz.com/collections/ppe-essentials/products/nitrile-gloves-size-medium', 'Oakdale, MN', '55128', 'NA', 'support@sanipackz.com', '', 'NO', 'Sani Packz', 'https://sanipackz.com/', 'Disposable exam gloves', 'Wholesale', '', 'Per Case', 100),
(60, 'Bulk Hand Sanitizer', '100', '39.99', '39.99', 3, 110, '2020-06-03 21:11:44', '', 'https://thedetroitbus.com/product/bulk-hand-sanitizer-from-the-detroit-sanitizer-company/', 'Detroit, MI', '48216', '1-313-444-2871', 'help@thedetroitbus.com', '', 'NO', 'Detroit Bus', 'https://thedetroitbus.com/', 'Liquid Hand Sanitizer', 'Wholesale', '', 'Gallon Per Case', 1),
(61, 'Half Gallon Hand Sanitizer', '100', '22.99', '22.99', 3, 110, '2020-06-03 21:15:41', '', 'https://thedetroitbus.com/product/bulk-hand-sanitizer-from-the-detroit-sanitizer-company/', 'Detroit, MI', '48216', '1-313-444-2871', 'help@thedetroitbus.com', '', 'NO', 'Detroit Bus', 'https://thedetroitbus.com/', 'Liquid Hand Sanitizer', 'Wholesale', '', 'Gallon Per Case', 1),
(62, '4 pk. - Hand Sanitizer Gel - 1 Gal. - 80% Ethanol Alcohol', '100', '189.95', '189.95', 2, 109, '2020-06-03 21:42:42', '', 'https://www.schoolsin.com/lyt-cc4083-4gp.html', ' Cincinnati, OH', '45262', '877-839-3330', 'blank@blank.com', '', 'NO', 'Schools In', 'https://www.schoolsin.com/', '1 Gallon Hand Sanitizer', 'Wholesale', '', 'Gallon Per Case', 1),
(63, 'Hand Sanitizer- 5 Gallon', '100', '234.95', '234.95', 2, 108, '2020-06-03 21:47:13', '', 'https://www.schoolsin.com/LYT-cc4083.html', ' Cincinnati, OH', '45262', '877-839-3330', 'blank@blank.com', '', 'NO', 'Schools In', 'https://www.schoolsin.com/', '5 Gallon Gel Hand Sanitizer', 'Wholesale', '', 'Gallons Per Case', 5),
(64, 'Gel Hand Sanitizer- 55 Gallon', '1', '1999.95', '1999.95', 2, 107, '2020-06-03 21:51:08', '', 'https://www.schoolsin.com/Hand-Sanitizer-55GDrum.html', 'Cincinnati, OH', '45262', '877-839-3330', 'blank@blank.com', '', 'NO', 'Schools In', 'https://www.schoolsin.com/', '55 Gallons of Hand Sanitizer Gel', 'Wholesale', '', 'Gallons Per Case', 55),
(65, '275 Gallon Gel Hand Sanitizer', '1', '7900.00', '7900.00', 2, 106, '2020-06-03 21:56:03', '\\', 'https://www.schoolsin.com/lyt-cc4083-275t.html', 'Cincinnati, OH', '45262', '877-839-3330', 'blank@blank.com', '', 'NO', 'Schools In', 'https://www.schoolsin.com/', '275 Gallon Hand Sanitizer', 'Wholesale', '', 'Gallons Per Case', 275),
(66, 'Liquid 5 Gallon Hand Sanitizer ', '1', '189.00', '189.00', 3, 105, '2020-06-03 22:10:05', '', 'https://shop.oldglorydistilling.com/collections/hand-sanitizer/products/old-glory-hand-sanitizer-5-gallon-pail-with-pour-spout', 'Clarkeville, TN', '37040', '931.919.2522', 'cheers@oldglorydistilling.com', '', 'NO', 'Old Glory Distilling Co.', 'https://shop.oldglorydistilling.com/', '5 Gallon Gel Hand Sanitizer', 'Wholesale', '', 'Gallons Per Case', 5),
(67, 'OLD GLORY HAND SANITIZER - 55 GALLON DRUM', '1', '1490.00', '1490.00', 3, 104, '2020-06-03 22:25:36', '55 Gallons', 'https://shop.oldglorydistilling.com/collections/hand-sanitizer/products/old-glory-hand-sanitizer-55-gallon-drum', 'Clarkeville, TN', '37040', ' 931.919.2523', 'cheers@oldglorydistilling.com', '', 'NO', 'Old Glory Distilling Co.', 'https://shop.oldglorydistilling.com/', '55 Gallons of Hand Sanitizer (Liquid)', 'Wholesale', '', 'Gallons Per Case', 55),
(68, 'OLD GLORY HAND SANITIZER - 270 GALLON IBC', '1', '5990.00', '5990.00', 3, 104, '2020-06-03 22:32:08', '', 'https://shop.oldglorydistilling.com/collections/hand-sanitizer/products/old-glory-hand-sanitizer-270-gallon-ibc', 'Clarkeville, TN', '37040', ' 931.919.2523', 'cheers@oldglorydistilling.com', '', 'NO', 'Old Glory Distilling Co.', 'https://shop.oldglorydistilling.com/', '270 Gallon Hand Sanitizer', 'Wholesale', '', 'Gallons Per Case', 270),
(69, '64OZ OLD GLORY HAND SANITIZER - FULL PALLET (432 JUGS)', '1', '6750.00', '6750.00', 3, 103, '2020-06-03 22:41:47', '432 jugs', 'https://shop.oldglorydistilling.com/collections/hand-sanitizer/products/old-glory-hand-sanitizer-full-pallet-432-jugs', 'Clarkeville, TN', '37040', '931.919.2522', 'cheers@oldglorydistilling.com', '', 'NO', 'Old Glory Distilling Co.', 'https://shop.oldglorydistilling.com/', '432 jugs of 64oz Hand sanitizer', 'Wholesale', '', '64oz Jugs', 432),
(70, '5-GALLON OLD GLORY HAND SANITIZER - FULL PALLET (36 PAILS)', '100', '4980.00', '4980.00', 3, 102, '2020-06-03 22:46:18', '', 'https://shop.oldglorydistilling.com/collections/hand-sanitizer/products/5-gallon-old-glory-hand-sanitizer-full-pallet-36-pails', 'Clarkeville, TN', '37040', '931.919.2522', 'cheers@oldglorydistilling.com', '', 'NO', 'Old Glory Distilling Co.', 'https://shop.oldglorydistilling.com/', '5 Gallon Liquid Hand Sanitizer', 'Wholesale', '', 'Gallons Per Case', 5),
(71, 'OLD GLORY HAND SANITIZER', '1', '20.00', '20.00', 3, 101, '2020-06-03 22:49:09', '0.5 Gallon', 'https://shop.oldglorydistilling.com/collections/hand-sanitizer/products/old-glory-hand-sanitizer', 'Clarkeville, TN', '37040', '931.919.2522', 'cheers@oldglorydistilling.com', '', 'NO', 'Old Glory Distilling Co.', 'https://shop.oldglorydistilling.com/', '0.5 Gallon hand sanitizer', 'Wholesale', '', 'Gallon Per Case', 1),
(72, 'Bulk Hand Sanitizer- 1 Gallon', '1', '20.00', '20.00', 3, 100, '2020-06-03 23:06:00', '', 'https://www.drivergent.com/drivergent-sanitizer/bulk-wholesale/', 'Fraser, MI', '48026', '(586) 800-DRIVE ', 'info@drivergent.com', '', 'NO', 'Drivergent', 'https://www.drivergent.com/', '1 Gallon Hand Sanitizer', 'Wholesale', '', 'Gallon Per Case', 1),
(73, 'BloomingDale\'s Face Mask Designer', '3', '40.00', '40.00', 7, 69, '2020-06-04 00:59:13', '1', 'https://www.bloomingdales.com/shop/product/lele-sadoughi-embellished-face-masks-set-of-3?ID=3747582&amp;amp;amp;amp;amp;CategoryID=3376#fn=ppp%3Dundefined%26sp%3DNULL%26rId%3DNULL%26spc%3D10%26cm_kws%3Dface%20mask%26spp%3D2%26pn%3D1%7C1%7C2%7C10%26rsid%3Dundefined', 'New York, NY', '10022', '1-800-777-0000', 'egan605@gmail.com', '', 'No ', 'BloomingDales', 'https://www.bloomingdales.com/index?cm_sp=NAVIGATION_INTL-_-TOP_NAV-_-TOP_BLOOMIES_ICON', 'One size fits most adults Set of three reusable soft cotton face masks Two-layer design with adjustable elasticized ear straps Slot for a filter pocket (filter sold separately) Hand-embellished with simulated pearls, gold stars and floral embroidery', 'Retail', '', 'Per Case', 1),
(74, 'Gel Hand Sanitizer- 1 Gallon (With Pump)', '1', '49.00', '49.00', 2, 99, '2020-06-04 01:07:08', '', 'https://ascend-herbs.com/product/1-gallon-hand-sanitizer-and-disinfectant-gel-liquid-pump-one16oz/', 'Houston, TX', '77060', '1-855-298-9001', 'support@ascend-herbs.com', '', 'NO', 'Ascend Herbs', 'https://ascend-herbs.com/', '1 Gallon Hand Sanitizer', 'Wholesale', '', 'Gallon Per Case', 1),
(75, 'Isophresh Hand Sanitizer', '1', '5360.64', '5360.84', 3, 98, '2020-06-04 01:12:56', '48 cases', 'https://www.isophresh.com/?gclid=CjwKCAjwztL2BRATEiwAvnALcq6W5f1vgKtm_NFAJoZbGSmA2T2M0vJzyxVCaJwUmBCz6JRP50AubhoCunIQAvD_BwE', 'Newburyport, MA', '01950', '978-314-4474', 'sales@isophresh.com', '', 'NO', 'Isophresh', 'https://www.isophresh.com/', '48 cases with 4 gallons of Hand sanitizer each', 'Wholesale', '', 'Per Case', 48),
(76, 'Gel Hand Sanitizer- (1 Gallon)', '1', '39.99', '39.99', 2, 97, '2020-06-04 01:25:47', '', 'https://ascend-herbs.com/product/hand-sanitizer-gallon/', 'Houston, TX', '77060', '1-855-298-9001', 'support@ascend-herbs.com', '', 'NO', 'Ascend Herbs', 'https://ascend-herbs.com/', '1 Gallon Gel Hand Sanitizer', 'Wholesale', '', 'Gallon Per Case', 1),
(77, '4 Pack Gel Hand Sanitizer (1 Gallon)', '1', '137.00', '137.00', 2, 96, '2020-06-04 01:31:25', '', 'https://ascend-herbs.com/product/1-gallon-hand-sanitizer-4pack/', 'Houston, TX', '77060', '1-855-298-9001 ', 'support@ascend-herbs.com', '', 'NO', 'Ascend Herbs', 'https://ascend-herbs.com/', '4 pack of 1 gallon hand sanitizer', 'Wholesale', '', 'Gallon Per Case', 1),
(78, 'Gel Hand Sanitizer- 1 Gallon (with pump) and 4 x 16oz ', '1', '79.00', '79.00', 2, 95, '2020-06-04 01:35:59', '', 'https://ascend-herbs.com/product/1-gallon-pump-hand-sanitizer-and-disinfectant-four-16oz-sanitizer-gel-liquid/', 'Houston, TX', '77060', '1-855-298-9001', 'support@ascend-herbs.com', '', 'NO', 'Ascend Herbs', 'https://ascend-herbs.com/', '1 Gallon Hand Sanitizer', 'Wholesale', '', 'Gallon Per Case', 1),
(79, 'Gel Hand Sanitizer- 1 Gallon (with pump) and 8 x 16oz', '1', '126.39', '126.39', 2, 94, '2020-06-04 01:39:53', '', 'https://ascend-herbs.com/product/1-gallon-with-pump-and-8-x-16oz-hand-sanitizer/', 'Houston, TX', '77060', '1-855-298-9001', 'support@ascend-herbs.com', '', 'NO', 'Ascend Herbs', 'https://ascend-herbs.com/', '1 Gallon Hand Sanitizer', 'Wholesale', '', 'Gallon Per Case', 1),
(80, 'Gel Hand Sanitizer (32oz)', '1', '17.55', '17.55', 2, 93, '2020-06-04 01:46:15', '32oz', 'https://ascend-herbs.com/product/hand-sanitizer-32oz/', 'Houston, TX', '77060', '1-855-298-9001 ', 'support@ascend-herbs.com', '', 'NO', 'Ascend Herbs', 'https://ascend-herbs.com/', '32oz Hand Sanitizer', 'Retail', '', '32oz Bottle', 1),
(81, 'Hand Sanitizer Gel 70% Ethyl Alcohol (4 Gallon Case)', '1', '179.80', '179.80', 2, 149, '2020-06-04 01:54:45', '', 'https://viemeddelivered.com/collections/hand-sanitizer/products/gel-hand-sanitizer-70-ethyl-alcohol-4-gallon-case?gclid=CjwKCAjwztL2BRATEiwAvnALcoNXtU_-x-SvYtWHJytcfVewYTdtxpY-VCg9vqSfF4xPRl4aoSIvBxoCGpsQAvD_BwE', 'Lafayette, LA', '70508', '866-852-8343 ', 'blank@blank.com', '', 'NO', 'Vie Med', 'https://viemeddelivered.com/', '4 Gallon Gel Hand Sanitizer', 'Wholesale', '', 'Gallons Per Case', 4),
(82, 'KN95 Mask - Case of 1000 ', '1', '3250.00', '3250.00', 5, 91, '2020-06-04 01:57:36', '', 'https://viemeddelivered.com/products/kn95-particulate-respirator-mask', 'Lafayette, LA', '70508', '866-852-8343 ', 'blank@blank.com', '', 'NO', 'Vie Med', 'https://viemeddelivered.com/', '1000 masks per ccase', 'Wholesale', '', 'Gallons Per Case', 1000),
(83, 'Face Shield - Box of 500', '1', '2000.00', '2000.00', 10, 90, '2020-06-04 02:02:22', '', 'https://viemeddelivered.com/products/face-shield?_pos=1&amp;amp;_psq=face&amp;amp;_ss=e&amp;amp;_v=1.0', 'Lafayette, LA', '70508', '866-852-8343 ', 'blank@blank.com', '', 'NO', 'Vie Med', 'https://viemeddelivered.com/', '500 face shields per box', 'Wholesale', '', 'Per Case', 500),
(84, 'Disposable Booties - Box of 500 Pairs', '1', '5000.00', '5000.00', 12, 89, '2020-06-04 02:07:09', '', 'https://viemeddelivered.com/products/disposable-booties', 'Lafayette, LA', '77060', '866-852-8343 ', 'blank@blank.com', '', 'NO', 'Vie Med', 'https://viemeddelivered.com/', '5000 booties per box', 'Wholesale', '', 'Per Case', 5000),
(85, 'Disinfectant Spray (2.5 Gallon)', '1', '159.98', '159.98', 13, 88, '2020-06-04 02:10:32', '', 'https://viemeddelivered.com/products/disinfectant-spray-2-5-gallon-case-of-2', 'Lafayette, LA', '77060', '866-852-8343 ', 'blank@blank.com', '', 'NO', 'Vie Med', 'https://viemeddelivered.com/', '2.5 Gallon of Disinfectant Spray', 'Wholesale', '', 'Gallons Per Case', 3),
(86, 'Klean + Hand Sanitizer Crisp Lavender 50ml (1200 pack)', '1200', '6040.44', '6040.44', 3, 81, '2020-06-04 06:34:54', '1200', 'https://kleanhandsanitizer.com/products/klean-hand-sanitizer-crisp-lavender-50ml-1200-pack/', 'Denver, CO', '80209', 'NA', 'support@kleanhandsanitizer.com', '', 'NO', 'Klean hand Sanitizer', 'https://kleanhandsanitizer.com/', '1200 per pack of hand sanitizer', 'Wholesale', '', 'Per Case', 1200),
(87, 'Klean + Hand Sanitizer Crisp Lavender 50ml (48 pack)', '48', '215.64', '215.64', 3, 81, '2020-06-04 06:38:44', '', 'https://kleanhandsanitizer.com/products/klean-hand-sanitizer-crisp-lavender-50ml-48-pack/', 'Denver, CO', '80209', 'NA', 'support@kleanhandsanitizer.com', '', 'NO', 'Klean hand Sanitizer', 'https://kleanhandsanitizer.com/', '48 hand sanitizer per pack', 'Wholesale', '', 'Per Case', 48),
(88, 'Klean + Hand Sanitizer Crisp Lavender 50ml (600 pack)', '600', '3164.04', '3164.04', 3, 81, '2020-06-04 06:43:57', '', 'https://kleanhandsanitizer.com/products/klean-hand-sanitizer-crisp-lavender-50ml-600-pack/', 'Denver, CO', '80', 'NA', 'support@kleanhandsanitizer.com', '', 'NO', 'Klean hand Sanitizer', 'https://kleanhandsanitizer.com/', 'Liquid Hand sanitizer 600 per pack', 'Wholesale', '', 'Per Case', 600),
(89, '64 OZ HAND SANITIZER BOTTLE 80% ALCOHOL - MADE IN USA', '100', '19.89', '19.89', 3, 82, '2020-06-04 06:51:26', '64oz ', 'https://www.femmepromo.com/64-oz-hand-sanitizer-bottle-covid-19-prevention-75-percent-alcohol-buy-wholesale-bulk-made-in-usa', 'NA', '0000', ' 1.877.644.4660', 'Service@FemmeCustom.com', '', 'NO', 'Femme Custom', 'https://www.femmepromo.com/', '64oz Hand sanitizer', 'Wholesale', '', '64oz Bottle', 1),
(90, 'Hand Sanitizer- (1 Gallon)', '1', '49.00', '49.00', 3, 83, '2020-06-04 06:56:26', '', 'https://nhadastore.com/hand-sanitizer-by-the-gallon/', 'New Hampshire', '03304', '800-852-3372', 'cives@nhada.com', '', 'NO', 'Nhada', 'https://nhadastore.com/', '1 Gallon Hand Sanitizer', 'Wholesale', '', 'Gallon Per Case', 1),
(91, 'Hand Sanitizer Spray', '0', '16.00', '16.00', 3, 84, '2020-06-04 07:09:46', '', 'https://vegamour.com/products/hand-sanitizer-spray-6oz?variant=31487241191539&amp;amp;amp;amp;nrtv_cid=59bbff41132a8b0a0e2126cae325ef8657ef2eb98fb4faed8cce7fe8edaf89b1&amp;amp;amp;amp;utm_medium=affiliate&amp;amp;amp;amp;utm_source=narrativ&amp;amp;amp;amp;utm_campaign=allure', 'Los Angeles, California', '90015', ' (213) 325-5112', 'support@vegamour.com', '', 'NO', 'Vegamour', 'https://vegamour.com/', '16oz Hand sanitizer spray', 'Retail', '', '16oz Bottle', 1),
(92, 'Liquid Hand Sanitizer', '1', '4.99', '4.99', 3, 85, '2020-06-04 07:24:59', '8oz', 'https://pipettebaby.com/products/hand-sanitizer?utm_source=rakuten&amp;amp;utm_medium=affiliate&amp;amp;utm_campaign=Skimlinks+%28Variable+Pricing%29&amp;amp;utm_content=10&amp;amp;ranMID=45362&amp;amp;ranEAID=tv2R4u9rImY&amp;amp;ranSiteID=tv2R4u9rImY-shtnjvXrHvUP5JF33MonDQ', 'NA', '0000', 'NA', 'help@pipettebaby.com', '', 'NO', 'Pipette', 'https://pipettebaby.com/', '8oz hand sanitizer bottle', 'Retail', '', '8oz Bottle', 1),
(93, 'CLARK\'S BOTANICALS HAND SANITIZER', '1', '10.00', '10.00', 3, 86, '2020-06-04 07:38:24', '4 fl oz', 'https://clarksbotanicals.com/products/clarks-botanicals-hand-sanitizer?cjevent=8d2cf905a63411ea824900f90a240611&amp;amp;amp;utm_source=affiliate&amp;amp;amp;utm_medium=CJ', 'NA', '0000', '1 914-826-4319', 'info@clarksbotanicals.com', '', 'NO', 'Clarks Botanicals', 'https://clarksbotanicals.com/', '8 fl oz hand sanitizer bottle', 'Retail', '', '4 fl oz', 1),
(94, '8oz Hand Sanitizer', '1', '20.00', '20.00', 3, 87, '2020-06-04 07:53:08', '', 'https://byhumankind.com/products/hand-sanitizer?irclickid=QMy3PxWEfxyOWeM0TbWK8Xs3Uki1%3AeWVUxIj3k0&amp;amp;irgwc=1&amp;amp;utm_source=affiliate&amp;amp;utm_medium=referral&amp;amp;utm_campaign=Skimbit%20Ltd._allure.com&amp;amp;utm_term=Online%20Tracking%20Link', 'NA', '0000', 'NA', 'we@byhumankind.com', '', 'NO', 'By Humankind', 'https://byhumankind.com/collections/get-started', '8oz hand sanitizer bottle', 'Retail', '', '8oz Bottle', 1),
(95, 'CYLINDER ROUNDS 16 OZ. HDPE NATURAL PLASTIC BOTTLES WITHOUT CAPS', '1', '5.50', '5.50', 14, 151, '2020-06-04 23:59:44', '', 'https://www.essentialsupplies.com/~smartcart/cgi/display.cgi?item_num=N1545', 'Cerritos, CA', '90703', '(562) 802-0515', 'orders@essentialsupplies.com', '', 'NO', 'Essential Supplies', 'https://www.essentialsupplies.com/index.html', 'Click here to view bottle cap. https://tinyurl.com/yc4tuj3v', 'Retail', '', '16oz Bottle', 1),
(97, 'PLASTIQUE 32 OZ. HDPE NATURAL PLASTIC BOTTLES WITHOUT CAPS', '12', '9.00', '9.00', 14, 152, '2020-06-05 00:16:24', '12 32oz Bottles', 'https://www.essentialsupplies.com/~smartcart/cgi/display.cgi?item_num=32P28HN-12', 'Cerritos, CA', '90703', '(562) 802-0515', 'orders@essentialsupplies.com', '', 'NO', 'Essential Supplies', 'https://www.essentialsupplies.com/index.html', 'Click here to view bottle cap https://tinyurl.com/ybvyq8kv', 'Wholesale', '', '32oz Bottles', 12),
(98, 'PLASTIQUE 16 OZ. HDPE WHITE PLASTIC BOTTLE WITHOUT CAPS', '12', '6.50', '6.50', 14, 153, '2020-06-05 00:32:47', '', 'https://www.essentialsupplies.com/~smartcart/cgi/display.cgi?item_num=16P24HW-12&amp;amp;amp;title=PLASTIQUE-16-oz%2E-HDPE-White-Plastic-Bottle-without-caps', 'Cerritos, CA', '90703', '(562) 802-0515', 'orders@essentialsupplies.com', '', 'NO', 'Essential Supplies', 'https://www.essentialsupplies.com/index.html', 'Click here to view bottle cap https://tinyurl.com/y7bzswma', 'Wholesale', '', '16oz Bottles', 12),
(99, 'SpoutPak Stand Up Pouch (16.91 fl oz)', '1', '176.50', '176.50', 15, 159, '2020-06-05 01:36:14', '', 'https://www.sorbentsystems.com/spoutpak.html#spoutbags', 'Los Angeles, California', '90015', '310-715-6600', 'info@sorbentsystems.com', '', 'NO', 'Sorbent System', 'https://www.sorbentsystems.com/index.html', '16.91 fl oz pouches', 'Wholesale', '', 'Per Case', 500),
(100, 'SpoutPak Stand Up Pouch (20 fl. oz)', '1', '157.41', '157.41', 15, 158, '2020-06-05 01:39:00', '', 'https://www.sorbentsystems.com/spoutpak.html#spoutbags', 'Los Angeles, California', '90015', '310-715-6600', 'info@sorbentsystems.com', '', 'NO', 'Sorbent System', 'https://www.sorbentsystems.com/index.html', '20 fl. oz Pouch', 'Wholesale', '', 'Per Case', 500),
(101, 'SpoutPak Stand Up Pouch (20. fl oz)', '1', '148.50', '148.50', 15, 157, '2020-06-05 01:42:15', '', 'https://www.sorbentsystems.com/spoutpak.html#spoutbags', 'Los Angeles, California', '90015', '310-715-6600', 'info@sorbentsystems.com', '', 'NO', 'Sorbent System', 'https://www.sorbentsystems.com/index.html', '20 fl. oz Pouch', 'Wholesale', '', 'Per Case', 500),
(102, 'SpoutPak Stand Up Pouch (21. fl oz)', '1', '141.10', '141.10', 15, 156, '2020-06-05 01:44:43', '', 'https://www.sorbentsystems.com/spoutpak.html#spoutbags', 'Los Angeles, California', '90015', '310-715-6600', 'info@sorbentsystems.com', '', 'NO', 'Sorbent System', 'https://www.sorbentsystems.com/index.html', '21 fl. oz pouches', 'Wholesale', '', 'Per Case', 500),
(103, 'SpoutPak Stand Up Pouch 22 fl oz)', '1', '165.00', '165.00', 15, 155, '2020-06-05 01:46:31', '', 'https://www.sorbentsystems.com/spoutpak.html#spoutbags', 'Los Angeles, California', '90015', '310-715-6600', 'info@sorbentsystems.com', '', 'NO', 'Sorbent System', 'https://www.sorbentsystems.com/index.html', '22 fl. oz pouches', 'Wholesale', '', 'Per Case', 500),
(104, 'SpoutPak Stand Up Pouch (25 fl oz)', '100', '159.75', '175.75', 15, 154, '2020-06-05 01:48:07', '', 'https://www.sorbentsystems.com/spoutpak.html#spoutbags', 'Los Angeles, California', '90015', '310-715-6600', 'info@sorbentsystems.com', '', 'NO', 'Sorbent System', 'https://www.sorbentsystems.com/index.html', '25 fl. oz pouches', 'Wholesale', '', 'Per Case', 500),
(105, 'Reversible Face Masks - Maze', '99', '19.99', '19.99', 7, 160, '2020-06-05 22:01:01', '', 'https://www.esafetysupplies.com/products/reversible-face-masks-maze', 'City of Industry, California', '91746', '(626) 369-1280', 'info@esafetysupplies.com', '', 'NO', 'eSafety Supplies', 'https://www.esafetysupplies.com/', '2 masks per pack', 'Retail', '', 'Per Case', 2),
(106, 'ML Kishigo Protective Face Mask', '99', '13.99', '13.99', 7, 161, '2020-06-05 22:06:17', '', 'https://www.esafetysupplies.com/products/ml-kishigo-protective-face-mask', 'City of Industry, CA', '91746', '(626) 369-1280', 'info@esafetysupplies.com', '', 'NO', 'eSafety Supplies', 'https://www.esafetysupplies.com/', '2 cloth masks per pack', 'Retail', '', 'Per Case', 2),
(107, 'LMC Face Mask with Filter - Black', '99', '17.99', '17.99', 7, 162, '2020-06-05 22:15:40', '', 'https://www.esafetysupplies.com/products/fla-face-mask-with-filter-black', 'City of Industry, CA', '91746', '(626) 369-1280', 'info@esafetysupplies.com', '', 'NO', 'eSafety Supplies', 'https://www.esafetysupplies.com/', '1 mask per pack', 'Retail', '', 'Per Case', 1),
(108, 'DISPOSABLE EAR LOOP FACE MASKS', '99', '50.00', '50.00', 7, 163, '2020-06-05 22:21:19', '', 'https://www.ercwipe.com/disposable-ear-loop-face-masks/', 'Lynn, MA', '01905', '800. 225. 9473', 'customerservice@ercwipe.com', '', 'NO', 'ERC wiping products', 'https://www.ercwipe.com/', '50 masks per box', 'Wholesale', '', 'Per Case', 50),
(109, 'Face cover polyester white', '99', '60.00', '60.00', 7, 164, '2020-06-05 22:45:24', '', 'https://www.ercwipe.com/face-covers-polyester-white-50/', 'Lynn, MA', '01905', '800. 225. 9473', 'customerservice@ercwipe.com', '', 'NO', 'ERC wiping products', 'https://www.ercwipe.com/', '50 cloth face masks per box', 'Wholesale', '', 'Per Case', 50),
(110, 'FACE COVER NAVY 50/50 COTTON-POLY', '99', '384.00', '384.00', 7, 165, '2020-06-05 22:50:31', '', 'https://www.ercwipe.com/face-cover-navy-50-50-cotton-poly/', 'Lynn, MA', '01905', '800. 225. 9473', 'customerservice@ercwipe.com', '', 'NO', 'ERC wiping products', 'https://www.ercwipe.com/', '240 mask per pack', 'Wholesale', '', 'Per Case', 240),
(111, 'Black cloth face mask', '99', '5.12', '5.12', 7, 166, '2020-06-05 22:55:18', '', 'https://www.aliexpress.com/item/4001059818041.html?spm=a2g0o.productlist.0.0.65a513bdXX297e&amp;amp;amp;s=p&amp;amp;amp;ad_pvid=202006051256103906763355422080002081209_1&amp;amp;amp;algo_pvid=d346520b-4eda-43c9-aab9-d161e1d92242&amp;amp;amp;algo_expid=d346520b-4eda-43c9-aab9-d161e1d92242-0&amp;amp;amp;btsid=0ab6d70515913869706262023e0bd1&amp;amp;amp;ws_ab_test=searchweb0_0,searchweb201602_,searchweb201603_', 'Hong Kong, China', 'NA', '(408) 785-5580', 'enforcementenquiry@alibaba-inc.com', '', 'NO', 'Ali Express', 'www.aliexpress.com', '3 cloth masks per pack ', 'Retail', '', 'Per Case', 3),
(112, '50Pcs/set Cotton Face Mask Mouth ', '99', '7.29', '7.29', 7, 167, '2020-06-05 23:01:27', '50 masks per pack', 'https://www.aliexpress.com/item/4000906617960.html?spm=a2g0o.productlist.0.0.65a513bdXX297e&amp;amp;amp;s=p&amp;amp;amp;ad_pvid=202006051256103906763355422080002081209_5&amp;amp;amp;algo_pvid=d346520b-4eda-43c9-aab9-d161e1d92242&amp;amp;amp;algo_expid=d346520b-4eda-43c9-aab9-d161e1d92242-4&amp;amp;amp;btsid=0ab6d70515913869706262023e0bd1&amp;amp;amp;ws_ab_test=searchweb0_0,searchweb201602_,searchweb201603_', 'Hong Kong, China', 'NA', '(408) 785-5580', 'enforcementenquiry@alibaba-inc.com', '', 'NO', 'Ali Express', 'www.aliexpress.com', '50 face masks per pack', 'Wholesale', '', 'Per Case', 50),
(113, '50pcs Black cloth face masks', '99', '24.33', '24.33', 7, 168, '2020-06-05 23:05:17', '', 'https://www.aliexpress.com/item/4000997890499.html?spm=a2g0o.productlist.0.0.65a513bdXX297e&amp;amp;amp;s=p&amp;amp;amp;ad_pvid=202006051256103906763355422080002081209_3&amp;amp;amp;algo_pvid=d346520b-4eda-43c9-aab9-d161e1d92242&amp;amp;amp;algo_expid=d346520b-4eda-43c9-aab9-d161e1d92242-2&amp;amp;amp;btsid=0ab6d70515913869706262023e0bd1&amp;amp;amp;ws_ab_test=searchweb0_0,searchweb201602_,searchweb201603_', 'Hong Kong, China', 'NA', '(408) 785-5580', 'enforcementenquiry@alibaba-inc.com', '', 'NO', 'Ali Express', 'www.aliexpress.com', '50 masks per pack', 'Wholesale', '', 'Per Case', 50),
(114, 'Letter Mouth Original Disposable Face Black Mask ', '99', '27.60', '27.60', 7, 169, '2020-06-05 23:09:54', '', 'https://www.dhgate.com/product/original-black-english-letter-disposable/533090248.html#s1-1-1b;srp%7C4250842285', 'Beijing, China', '100600', '86 108 225 7676', 'customer-support@dhgate.com', '', 'NO', 'Dhgate', 'http://www.dhgate.com', '47 face masks per pack', 'Wholesale', '', 'Per Case', 47),
(115, 'Reusable Fashion Protective Face Mask by seilliet', '99', '10.82', '10.82', 7, 170, '2020-06-05 23:14:18', '', 'https://www.amazon.com/Reusable-Protective-seilliet-Washable-Breathable/dp/B086R68WWQ/ref=sr_1_3?dchild=1&amp;amp;amp;keywords=reusable+mask&amp;amp;amp;qid=1591386980&amp;amp;amp;sr=8-3', 'Seattle, Washington', '98109', '1 (206) 922-0880', 'primary@amazon.com', '', 'NO', 'Amazon', 'https://www.amazon.com/ref=nav_logo', '8 masks per pack', 'Retail', '', 'Per Case', 8),
(116, 'Black Cloth Face masks', '99', '14.98', '14.98', 7, 0, '2020-06-05 23:18:59', '', 'https://www.amazon.com/HEROBIKER-Bandana-Do-Rags-Breathable-Moisture/dp/B07QM423HQ/ref=pd_sim_193_3/142-9394619-9613909?_encoding=UTF8&amp;amp;amp;pd_rd_i=B07QM423HQ&amp;amp;amp;pd_rd_r=77ac3e8e-0cdb-465d-9b15-7085c9548dd1&amp;amp;amp;pd_rd_w=yyg6s&amp;amp;amp;pd_rd_wg=TLpwl&amp;amp;amp;pf_rd_p=3c412f72-0ba4-4e48-ac1a-8867997981bd&amp;amp;amp;pf_rd_r=5GYXJN4RCT18FMFTM9XQ&amp;amp;amp;psc=1&amp;amp;amp;refRID=5GYXJN4RCT18FMFTM9XQ', 'Seattle, Washington', '98109', '(206) 922-0880', 'primary@amazon.com', '', 'NO', 'Amazon', 'https://www.amazon.com/ref=nav_logo', '3 masks per pack', 'Wholesale', '', 'Per Case', 3),
(117, 'Cotton Cute Mouth Face Mouth Cover', '99', '12.99', '12.99', 7, 172, '2020-06-05 23:24:14', '', 'https://www.amazon.com/Reusable-Breathable-Outdoor-Fashion-Protections/dp/B0876MZRWJ/ref=pd_sbs_121_2/142-9394619-9613909?_encoding=UTF8&amp;amp;amp;pd_rd_i=B0876MZRWJ&amp;amp;amp;pd_rd_r=9d85d2b6-23f7-4618-bc81-7d47335c4466&amp;amp;amp;pd_rd_w=iWBMG&amp;amp;amp;pd_rd_wg=BURdb&amp;amp;amp;pf_rd_p=d9804894-61b7-40b3-ba58-197116cffd9d&amp;amp;amp;pf_rd_r=10YD5M9TZRRTENJT705D&amp;amp;amp;psc=1&amp;amp;amp;refRID=10YD5M9TZRRTENJT705D', 'Seattle, Washington', '98109', '1 (206) 922-0880', 'primary@amazon.com', '', 'NO', 'Amazon', 'https://www.amazon.com/ref=nav_logo', '2 face masks per pack', 'Retail', '', 'Per Case', 2),
(118, 'Wholesale 2-Ply face masks', '100', '157.85', '157.85', 7, 173, '2020-06-05 23:28:47', '', 'https://www.etsy.com/no-en/listing/754737626/wholesale-2ply-face-masks-sale-in-bulk?ga_order=most_relevant&amp;amp;amp;ga_search_type=all&amp;amp;amp;ga_view_type=gallery&amp;amp;amp;ga_search_query=wholesale+masks&amp;amp;amp;ref=sr_gallery-1-3&amp;amp;amp;frs=1', 'Brooklyn, NY', '11201', '(718) 855-7955', 'transactions@etsy.com', '', 'NO', 'Etsy', 'etsy.com/no-en/?ref=lgo', '100 masks per pack', 'Wholesale', '', 'Per Case', 100),
(119, 'Washable Face Masks', '100', '315.70', '315.70', 7, 174, '2020-06-05 23:32:50', '150 per pack', 'https://www.etsy.com/no-en/listing/770946466/50-washable-face-mask-set-custom-text?ga_order=most_relevant&amp;amp;amp;ga_search_type=all&amp;amp;amp;ga_view_type=gallery&amp;amp;amp;ga_search_query=wholesale+masks&amp;amp;amp;ref=sc_gallery-1-8&amp;amp;amp;plkey=2143f1f7d61f5ffebf9103875c70200f61f7dc6c%3A770946466&amp;amp;amp;frs=1&amp;amp;amp;col=1', 'Brooklyn, NY', '11201', '(718) 855-7955', 'transactions@etsy.com', '', 'NO', 'Etsy', 'etsy.com/no-en/?ref=lgo', '150 washable face masks per pack', 'Wholesale', '', 'Per Case', 150),
(124, 'Black Nitrile Gloves', '100', '276.74', '276.74', 11, 180, '2020-06-06 00:53:56', '', 'https://www.alibaba.com/product-detail/Spot-black-nitrile-gloves-Disposable-Powder_1600051645200.html?spm=a2700.7735675.normalList.1.56e343b2z0sN9k', 'Hong Kong, China', 'NA', '(408) 785-5580', 'enforcementenquiry@alibaba-inc.com', '', 'NO', 'Ali Baba', 'https://www.alibaba.com/?spm=a2700.wholesale.scGlobalHomeHeader.10.62e04401xibsV0', '100 gloves per box', 'Wholesale', '', 'Per Case', 100),
(125, 'Personal Protective Powder free gloves', '100', '66.39', '66.39', 11, 181, '2020-06-06 01:04:11', '', 'https://www.alibaba.com/product-detail/personal-protective-powder-free-disposable-gloves_62528659456.html?spm=a2700.7735675.normalList.17.56e343b2z0sN9k&amp;amp;s=p', 'Hong Kong, China', 'NA', '(408) 785-5580', 'enforcementenquiry@alibaba-inc.com', '', 'NO', 'Ali Baba', 'https://www.alibaba.com/?spm=a2700.wholesale.scGlobalHomeHeader.10.62e04401xibsV1', '100 gloves per box', 'Wholesale', '', 'Per Case', 100),
(127, 'MCR Safety 8600C Cotton Lisle Inspection Gloves - White ', '100', '27.90', '27.90', 11, 182, '2020-06-06 02:51:50', '', 'https://www.fullsource.com/mcr-safety-8600c/', 'Jacksonville, Florida', '33256', '904-296-2240', 'info@fullsource.com', '', 'NO', 'Full Source', 'https://www.fullsource.com/', '120 pairs of gloves', 'Wholesale', '', 'Per Case', 120),
(128, 'MCR Safety 5048 MedTech Powder Free Latex Exam Gloves', '100', '13.79', '13.79', 11, 183, '2020-06-06 02:56:12', '50 per box', 'https://www.fullsource.com/mcr-safety-5048/', 'Jacksonville, Florida', '33256', '904-296-2240', 'info@fullsource.com', '', 'NO', 'Full Source', 'https://www.fullsource.com/', '50 pairs of gloves per box', 'Wholesale', '', 'Per Case', 50);
INSERT INTO `products` (`id`, `name`, `quantity`, `buy_price`, `sale_price`, `categorie_id`, `media_id`, `date`, `singleUnit`, `itemLink`, `city`, `zipcode`, `phone`, `email`, `delieveryTime`, `freeShipping`, `company`, `website`, `description`, `purchaseType`, `reviewLink`, `singleUnits`, `singleValue`) VALUES
(129, 'PIP 67-246 Grippaz Skins Superior Ambidextrous Nitrile Gloves', '100', '7.19', '7.19', 11, 184, '2020-06-06 02:59:57', '', 'https://www.fullsource.com/pip-67-246/', 'Jacksonville, Florida', '33256', '904-296-2240', 'info@fullsource.com', '', 'NO', 'Full Source', 'https://www.fullsource.com/', '50 pairs of gloves per box', 'Wholesale', '', 'Per Case', 50),
(130, 'Shamrock Supreme - Powder-free Latex Gloves', '100', '69.90', '69.90', 11, 185, '2020-06-06 03:03:34', '', 'https://www.esafetysupplies.com/collections/Latex-Gloves/products/great-gloves-powder-free-latex-gloves-case', 'City of Industry, California', '91746', '(626) 369-1280', 'info@esafetysupplies.com', '', 'NO', 'eSafety Supplies', 'https://www.esafetysupplies.com/', '100 gloves per box', 'Wholesale', '', 'Per Case', 100),
(131, 'Halyard / Kimberly-Clark - Purple Nitrile Medical Exam Powder Free Gloves', '0', '22.90', '22.90', 11, 186, '2020-06-06 03:06:37', '', 'https://www.esafetysupplies.com/collections/medical-exam-grade-nitrile-gloves/products/kimberly-clark-purple-nitrile-medical-exam-powder-free-gloves?variant=15848821031006', 'City of Industry, California', '91746', '(626) 369-1280', 'info@esafetysupplies.com', '', 'NO', 'eSafety Supplies', 'https://www.esafetysupplies.com/', '100 gloves per box', 'Wholesale', '', 'Per Case', 100),
(132, 'Kimberly-Clark Purple Nitrile Medical Exam Gloves X-TRA - Box', '100', '16.99', '16.99', 11, 187, '2020-06-06 03:10:30', '', 'https://www.esafetysupplies.com/collections/medical-exam-grade-nitrile-gloves/products/kimberly-clark-purple-nitrile-x-tra', 'City of Industry, California', '91746', '(626) 369-1280', 'info@esafetysupplies.com', '', 'NO', 'eSafety Supplies', 'https://www.esafetysupplies.com/', '100 gloves per box', 'Wholesale', '', 'Per Case', 100),
(133, 'Nitrile Exam Gloves, Powder Free - Medium Size (Tiered)', '0', '27.00', '27.00', 11, 188, '2020-06-06 03:19:33', '', 'https://sanipackz.com/products/nitrile-exam-gloves-powder-free-medium-size?_pos=4&amp;amp;amp;amp;amp;_sid=52a00e9fd&amp;amp;amp;amp;amp;_ss=r', 'Oakdale, MN', '55128', 'NA', 'support@sanipackz.com', '', 'NO', 'Sani Packz', 'https://sanipackz.com/', '100 gloves per box', 'Wholesale', 'https://www.youtube.com/watch?v=EJHe0KUXGr0', 'Per Case', 100),
(134, 'Microflex - Latex Industrial Latex Gloves - Case', '0', '249.99', '249.99', 11, 189, '2020-06-06 03:23:19', '', 'https://www.esafetysupplies.com/collections/latex-gloves/products/microflex-ce5-12-latex-industrial-latex-gloves-case', 'City of Industry, California', '91746', '(626) 369-1280', 'info@esafetysupplies.com', '', 'NO', 'eSafety Supplies', 'https://www.esafetysupplies.com/', '1000 gloves per case', 'Wholesale', '', 'Per Case', 1000),
(135, 'FDA Approved Hand Sanitizer 275-Gallon Tote - 80% Liquid Alcohol', '1000', '4135.00', '4135.00', 3, 190, '2020-06-06 16:57:52', '', 'https://www.tmcindustries.com/FDA-Approved-Hand-Sanitizer-275-Gallon-Tote--80-Liquid-Alcohol_p_829.html', 'Waconia, MN', '55387', '800-772-8179', 'sales@tmcindustries.com', '', 'NO', 'TMC Industries Inc', 'https://www.tmcindustries.com/', '275 Gallon Hand Sanitizer', 'Wholesale', '', 'Gallons Per Case', 275),
(136, 'FDA Approved Hand Sanitizer 7000 gallons Tanker Load - 80% Liquid Alcohol', '1000', '99000.00', '99000.00', 3, 191, '2020-06-06 17:05:20', '7000 Gallon Tanker', 'https://www.tmcindustries.com/FDA-Approved-Hand-Sanitizer-7000-gallons-Tanker-Load--80-Liquid-Alcohol_p_830.html', 'Waconia, MN', '55128', '800-772-8179', 'sales@tmcindustries.com', '', 'NO', 'TMC Industries Inc', 'https://www.tmcindustries.com/', '7000 gallon tanker with liquid hand sanitizer', 'Wholesale', '', 'Gallons Per Case', 7000),
(137, 'FDA Approved Hand Sanitizer - Case of 4 1-Gallon Jugs - 80% Liquid Alcohol', '1000', '99.00', '99.00', 3, 192, '2020-06-06 17:13:21', '', 'https://www.tmcindustries.com/FDA-Approved-Hand-Sanitizer--Case-of-4-1-Gallon-Jugs--80-Liquid-Alcohol-_p_821.html', 'Waconia, MN', '55128', '800-772-8179', 'sales@tmcindustries.com', '', 'NO', 'TMC Industries Inc', 'https://www.tmcindustries.com/', 'Case of 4 1-gallon liquid hand sanitizer', 'Wholesale', '', '1 Gallon Per Case', 4),
(138, 'FDA Approved Hand Sanitizer - 48 Cases of 4x1 gallon jugs - 192 gallons on a Pallet - 80% Liquid Alcohol', '1000', '4498.00', '4498.00', 3, 193, '2020-06-06 17:17:23', '', 'https://www.tmcindustries.com/FDA-Approved-Hand-Sanitizer--48-Cases-of-4x1-gallon-jugs--192-gallons-on-a-Pallet--80-Liquid-Alcohol_p_822.html', 'Waconia, MN', '55128', '800-772-8179', 'sales@tmcindustries.com', '', 'NO', 'TMC Industries Inc', 'https://www.tmcindustries.com/', '192 Gallons of Hand Sanitizer on a pallet', 'Wholesale', '', 'Gallons Per Case', 129),
(139, 'FDA Approved Hand Sanitizer - 55 gallon Drum - 80% Liquid Alcohol', '1000', '950.00', '950.00', 3, 194, '2020-06-06 17:21:40', '', 'https://www.tmcindustries.com/FDA-Approved-Hand-Sanitizer--55-gallon-Drum--80-Liquid-Alcohol_p_825.html', 'Waconia, MN', '55128', '800-772-8179', 'sales@tmcindustries.com', '', 'NO', 'TMC Industries Inc', 'https://www.tmcindustries.com/', '55 Gallons of Hand Sanitizer (Liquid)', 'Wholesale', '', 'Gallons Per Drum', 55),
(140, 'FDA Approved Hand Sanitizer - 55 gallon Drums (4 on a Pallet) - 80% Liquid Alcohol', '1000', '4200.00', '4200.00', 3, 194, '2020-06-06 17:25:07', '4 55-Gallons per pallet', 'https://www.tmcindustries.com/FDA-Approved-Hand-Sanitizer--55-gallon-Drums-4-on-a-Pallet--80-Liquid-Alcohol_p_826.html', 'Waconia, MN', '55128', '800-772-8179', 'sales@tmcindustries.com', '', 'NO', 'TMC Industries Inc', 'https://www.tmcindustries.com/', '4 55-gallon drums of Liquid hand sanitizer on a pallet', 'Wholesale', '', '55 Gallons Per Drum', 4),
(141, '16 oz Clear PET Arched Square Beverage Bottles ', '100', '86.00', '86.00', 14, 195, '2020-06-07 07:37:03', '', 'https://www.berlinpackaging.com/37618-b-16-oz-clear-pet-arched-square-beverage-bottles-cap-not-included/', 'Chicago, IL', '60661', '800.363.9822', 'customercare@berlinpackaging.com', '', 'NO', 'Berlin Packaging', 'https://www.berlinpackaging.com/', 'Click here to view bottle cap https://tinyurl.com/yc9t5kmv', 'Wholesale', '', 'Per Case', 100),
(142, 'Latex Small powdered Glove', '100', '54.00', '54.00', 11, 196, '2020-06-07 08:21:45', '', 'https://www.esafetysupplies.com/collections/latex-gloves/products/latex-small-powdered-glove', 'City of Industry, California', '91746', '(626) 369-1280', 'info@esafetysupplies.com', '', 'NO', 'eSafety Supplies', 'https://www.esafetysupplies.com/', '100 latex gloves per box', 'Wholesale', '', 'Per Case', 100),
(143, 'Microflex - Latex Industrial Latex Gloves - Bag', '0', '26.99', '26.99', 11, 189, '2020-06-07 08:25:00', '', 'https://www.esafetysupplies.com/collections/latex-gloves/products/microflex-ce5-12-latex-industrial-latex-gloves', 'City of Industry, California', '91746', '(626) 369-1280', 'info@esafetysupplies.com', '', 'NO', 'eSafety Supplies', 'https://www.esafetysupplies.com/', '100 gloves per box', 'Wholesale', '', 'Per Case', 100),
(144, 'Radnor Textured Natural Latex Gloves Box 12Pr', '100', '12.99', '12.99', 11, 197, '2020-06-07 08:29:06', '', 'https://www.esafetysupplies.com/collections/latex-gloves/products/radnor-12-textured-natural-latex-gloves-box-12pr', 'City of Industry, California', '91746', '(626) 369-1280', 'info@esafetysupplies.com', '', 'NO', 'eSafety Supplies', 'https://www.esafetysupplies.com/', '12 pairs of gloves', 'Wholesale', '', 'Per Case', 12),
(145, 'Microflex - Evolution One Powder-free Latex Examination Gloves - Box', '100', '19.99', '19.99', 11, 197, '2020-06-07 08:31:53', '', 'https://www.esafetysupplies.com/collections/latex-gloves/products/microflex-evolution-one-powder-free-latex-examination-gloves', 'City of Industry, California', '91746', '(626) 369-1280', 'info@esafetysupplies.com', '', 'NO', 'eSafety Supplies', 'https://www.esafetysupplies.com/', '100 gloves per box', 'Wholesale', '', 'Per Case', 100),
(146, 'Microflex - Synetron Polymer-Coated Latex Examination Gloves - Box', '100', '21.99', '21.99', 11, 198, '2020-06-07 08:35:25', '', 'https://www.esafetysupplies.com/collections/latex-gloves/products/microflex-syntron-cuff-latex-exam-gloves', 'City of Industry, California', '91746', '(626) 369-1280', 'info@esafetysupplies.com', '', 'NO', 'eSafety Supplies', 'https://www.esafetysupplies.com/', '100 gloves per box', 'Wholesale', '', 'Per Case', 100),
(147, 'Sentry - Latex Gloves Powdered - Case', '0', '55.80', '55.80', 11, 198, '2020-06-07 08:39:24', '', 'https://www.esafetysupplies.com/collections/latex-gloves/products/disposable-latex-gloves-powdered-case', 'City of Industry, California', '91746', '(626) 369-1280', 'info@esafetysupplies.com', '', 'NO', 'eSafety Supplies', 'https://www.esafetysupplies.com/', '100 gloves per box', 'Wholesale', '', 'Per Case', 100),
(148, 'Skintx - Latex Powder-Free Exam Gloves - Case', '100', '65.00', '65.00', 11, 199, '2020-06-07 08:45:00', '', 'https://www.esafetysupplies.com/collections/latex-gloves/products/latex-powder-free-exam-gloves', 'City of Industry, California', '91746', '(626) 369-1280', 'info@esafetysupplies.com', '', 'NO', 'eSafety Supplies', 'https://www.esafetysupplies.com/', '1000 gloves per case', 'Wholesale', '', 'Per Case', 1000),
(149, 'Life Guard - Latex Medical Exam Gloves, Powder Free - Case', '100', '73.64', '73.64', 11, 200, '2020-06-07 08:50:00', '', 'https://www.esafetysupplies.com/collections/latex-gloves/products/latex-exam-gloves-powder-free-case', 'City of Industry, California', '91746', '(626) 369-1280', 'info@esafetysupplies.com', '', 'NO', 'eSafety Supplies', 'https://www.esafetysupplies.com/', '1000 gloves per case', 'Wholesale', '', 'Per Case', 1000),
(150, 'Sentry - Latex Gloves, Powder Free, Textured - Case', '0', '55.80', '55.80', 11, 201, '2020-06-07 08:53:55', '', 'https://www.esafetysupplies.com/collections/latex-gloves/products/latex-gloves-powder-free-textured-case', 'City of Industry, California', '91746', '(626) 369-1280', 'info@esafetysupplies.com', '', 'NO', 'eSafety Supplies', 'https://www.esafetysupplies.com/', '1000 gloves per case', 'Wholesale', '', 'Per Case', 1000),
(151, 'Skintx - Black Latex Powder Free Gloves', '100', '8.99', '8.99', 11, 202, '2020-06-07 08:58:05', '', 'https://www.esafetysupplies.com/collections/latex-gloves/products/black-latex-powder-free-gloves', 'City of Industry, California', '91746', '(626) 369-1280', 'info@esafetysupplies.com', '', 'NO', 'eSafety Supplies', 'https://www.esafetysupplies.com/', '100 gloves per box', 'Wholesale', '', 'Per Case', 100),
(152, 'Great Gloves - Powder-free Latex Gloves - Box', '0', '7.99', '7.99', 11, 203, '2020-06-07 09:03:34', '', 'https://www.esafetysupplies.com/collections/latex-gloves/products/great-gloves-powder-free-latex-gloves-box-1', 'City of Industry, California', '91746', '(626) 369-1280', 'info@esafetysupplies.com', '', 'NO', 'eSafety Supplies', 'https://www.esafetysupplies.com/', '100 gloves per box', 'Wholesale', '', 'Per Case', 100),
(153, 'Skintx - Latex Powder-Free Exam Gloves Fit - CASE', '0', '56.99', '56.99', 11, 204, '2020-06-07 09:07:17', '', 'https://www.esafetysupplies.com/collections/latex-gloves/products/skintx-latex-powder-free-exam-gloves-fit-box', 'City of Industry, California', '91746', '(626) 369-1280', 'info@esafetysupplies.com', '', 'NO', 'eSafety Supplies', 'https://www.esafetysupplies.com/', '100 gloves per box', 'Wholesale', '', 'Per Case', 100),
(154, 'Microflex - Diamond Grip Latex Gloves - Case', '100', '165.99', '165.99', 11, 205, '2020-06-07 09:09:56', '', 'https://www.esafetysupplies.com/collections/latex-gloves/products/microflex-diamond-grip-latex-gloves-case', 'City of Industry, California', '91746', '(626) 369-1280', 'info@esafetysupplies.com', '', 'NO', 'eSafety Supplies', 'https://www.esafetysupplies.com/', '1000 gloves per case', 'Wholesale', 'https://youtu.be/diP3jXTk4cA', 'Per Case', 1000),
(155, 'KN95 Face Masks', '99', '137.50', '137.50', 5, 206, '2020-06-07 21:00:30', '', 'https://www.antigermpro.com/shop/kn95-face-masks-fda-approved', 'Los Angeles, California', '90061', 'NA', 'blank@blank.com', '', 'NO', 'Anti-Germ Pro', 'https://www.antigermpro.com/', '50 KN95 masks per pack', 'Wholesale', '', 'Per Case', 50),
(156, 'Family Bundle (10 Face Masks + 2 Hand Sanitizers)', '100', '39.99', '39.99', 5, 207, '2020-06-07 21:08:32', '10 masks per pack and 2 Hand sanitizers', 'https://www.antigermpro.com/shop/family-bundle-10-face-masks-2-hand-sanitizers', 'Los Angeles, California', '90061', 'NA', 'blank@blank.com', '', 'NO', 'Anti-Germ Pro', 'https://www.antigermpro.com/', '10 masks per pack and 2 Hand sanitizers', 'Wholesale', '', 'Per Case', 10),
(158, 'Glide-On Powder-Free Vinyl Exam Gloves', '0', '8.00', '8.00', 11, 209, '2020-06-11 22:45:53', '', 'https://athome.medline.com/en/glide-on-powder-free-vinyl-exam-gloves-pf112126', 'Northfield, IL', '60093', ' 1-855-441-8737', 'athome@medline.com', '', 'NO', 'Medline', 'https://athome.medline.com/', '150 powder free gloves per box', 'Wholesale', '', 'Per Case', 150),
(159, 'CURAD Powder-Free Nitrile Exam Gloves', '99', '38.75', '38.75', 11, 210, '2020-06-11 23:25:10', '', 'https://athome.medline.com/en/curad-powder-free-nitrile-exam-gloves-pf61953', 'Northfield, IL', '60093', '1 855-441-8737', 'athome@medline.com', '', 'NO', 'Medline At Home', 'https://athome.medline.com/en/', '600 powder free nitrile gloves per box', 'Wholesale', '', 'Per Case', 600),
(160, 'Disposable KN95 Protective Masks, Small', '0', '112.50', '112.50', 5, 211, '2020-06-11 23:47:15', '50 per box', 'https://store.directsupply.com/Product/disposable-kn95-protective-masks-small-20959647', 'Milwaukee, WI', '53223', '1 800-634-7328', 'blank@blank.com', '', 'NO', 'Direct Supply', 'https://store.directsupply.com/', '50 KN95 masks per box', 'Wholesale', '', 'Per Case', 50),
(161, 'N95 Disposable Particulate Respirator, 20/box ', '0', '21.99', '21.99', 9, 212, '2020-06-12 00:02:26', '', 'https://store.directsupply.com/Product/n95-disposable-particulate-respirator-20-box-12952121#searchTerm=n95', 'Milwaukee, WI', '60093', '1 800-634-7328', 'blank@blank.com', '', 'NO', 'Direct Supply', 'https://store.directsupply.com/', '20 N95 masks per box', 'Wholesale', '', 'Per Case', 20),
(162, 'Happy Home Hand Sanitizer, Liquid, 80% Ethanol, 300ML (10.14 oz) bottles, 24 bottles/case', '0', '118.99', '118.99', 3, 213, '2020-06-12 00:26:55', '', 'https://store.directsupply.com/Product/happy-home-hand-sanitizer-liquid-80-ethanol-300ml-10-14-oz-bottles-24-bottles-case-20949654#searchTerm=hand%20sanitizer', 'Milwaukee, WI', '53223', '1 800-634-7328', 'blank@blank.com', '', 'NO', 'Direct Supply', 'https://store.directsupply.com/', '24 liquid hand sanitizer bottles per case', 'Wholesale', '', 'Per Case', 24),
(163, 'A20 Breathable Particle Protection Shoe Covers, White, One Size Fits All', '0', '115.99', '115.99', 8, 214, '2020-06-12 01:01:52', '', 'https://store.directsupply.com/Product/a20-breathable-particle-protection-shoe-covers-white-one-size-fits-12959684#searchTerm=shoe%20cover', 'Milwaukee, WI', '53223', '1 800-634-7328', 'blank@blank.com', '', 'NO', 'Direct Supply', 'https://store.directsupply.com/', '300 shoe covers per box', 'Wholesale', '', 'Per Case', 300),
(164, 'Disposable Shoe Covers, White, Large, 50 Pair/Pack', '0', '11.39', '11.39', 8, 215, '2020-06-12 01:08:01', '', 'https://store.directsupply.com/Product/disposable-shoe-covers-white-large-50-pair-pack-12952037#searchTerm=shoe%20cover', 'Milwaukee, WI', '53223', '1 800-634-7328', 'blank@blank.com', '', 'NO', 'Direct Supply', 'https://store.directsupply.com/', '50 pairs of shoe covers per pack', 'Wholesale', '', 'Per Case', 50),
(165, 'Face Shield, Clear Lens, Adjustable Band, Pack of 200', '0', '397.99', '397.99', 10, 217, '2020-06-12 01:25:38', '', 'https://store.directsupply.com/Product/face-shield-clear-lens-adjustable-band-pack-200-20536722#searchTerm=face%20shields', 'Milwaukee, WI', '53223', '1 800-634-7328', 'blank@blank.com', '', 'NO', 'Direct Supply', 'https://store.directsupply.com/', '200 face shields per bag', 'Wholesale', '', 'Per Case', 200),
(166, 'High Performance Face Shield Window, Standard, Propionate, Clear', '0', '7.29', '7.29', 10, 218, '2020-06-12 01:34:21', '', 'https://store.directsupply.com/Product/high-performance-face-shield-window-standard-propionate-clear-12955807#searchTerm=face%20shields', 'Milwaukee, WI', '53223', '1 800-634-7328', 'blank@blank.com', '', 'NO', 'Direct Supply', 'https://store.directsupply.com/', '1 face shield per pack', 'Retail', '', 'Per Case', 1),
(167, 'Touch N Tuff Nitrile Gloves, Size 6 1/2 - 7', '0', '18.99', '18.99', 11, 219, '2020-06-12 01:40:19', '', 'https://store.directsupply.com/Product/touch-n-tuff-nitrile-gloves-size-6-1-2-7-12949173#searchTerm=gloves', 'Milwaukee, WI', '53223', '1 800-634-7328', 'blank@blank.com', '', 'NO', 'Direct Supply', 'https://store.directsupply.com/', '100 gloves per box', 'Wholesale', '', 'Per Case', 100),
(168, 'PURPLE NITRILE Gloves, Purple, 242 mm Length, X-Small, 6 mil, 1000/Carton', '0', '165.99', '165.99', 11, 220, '2020-06-12 01:46:06', '', 'https://store.directsupply.com/Product/purple-nitrile-gloves-purple-242-mm-length-x-small-6-mil-1000-carton-12959786#searchTerm=gloves', 'Milwaukee, WI', '53223', '1 800-634-7328', 'blank@blank.com', '', 'NO', 'Direct Supply', 'https://store.directsupply.com/', '1000 gloves per carton', 'Wholesale', '', 'Per Case', 1000),
(169, 'Disinfecting Spray, Fresh, 19oz Aerosol, 12/Carton', '0', '76.99', '76.99', 13, 221, '2020-06-12 01:51:46', '', 'https://store.directsupply.com/Product/disinfecting-spray-fresh-19oz-aerosol-12-carton-11473718#searchTerm=disinfectant%20spray', 'Milwaukee, WI', '53223', '1 800-634-7328', 'blank@blank.com', '', 'NO', 'Direct Supply', 'https://store.directsupply.com/', '12 Disinfectant spray per carton', 'Wholesale', '', 'Per Case', 12),
(170, 'BBJ MMR-II Disinfectant Spray', '0', '213.99', '213.99', 13, 222, '2020-06-12 01:56:17', '', 'https://store.directsupply.com/Product/bbj-mmr-ii-disinfectant-spray-20532614#searchTerm=disinfectant%20spray', 'Milwaukee, WI', '53223', '1 800-634-7328', 'blank@blank.com', '', 'NO', 'Direct Supply', 'https://store.directsupply.com/', '12 Disinfectant spray per carton', 'Wholesale', '', 'Per Case', 12),
(171, 'GIKO-N95 Masks', '240', '1800.00', '1800.00', 9, 216, '2020-06-12 02:01:50', '', 'https://ppe.mplus.us/product/giko-n95-masks/', 'New Jersey', 'N/A', '(888) 918-0654', '', '', 'Yes', 'M Plus LLC', 'https://ppe.mplus.us/', 'Free Shipping, No Sales Tax!', 'Wholesale', '', 'Per Case', 240),
(172, '3 Ply Disposable Mask', '2000', '1380.00', '1380.00', 7, 223, '2020-06-12 02:19:35', 'N/A', 'https://ppe.mplus.us/product/disposable-masks/', 'New Jersey', 'N/A', '(888) 918-0654', '', '', 'Yes', 'M Plus LLC', 'https://ppe.mplus.us/', 'Free Shipping, No Sales Tax!', 'Wholesale', '', 'Per Case', 2000),
(173, 'Nonmedical Face Mask with Earloops', '99', '50.00', '50.00', 7, 224, '2020-06-12 02:22:25', '', 'https://athome.medline.com/en/medline-nonmedical-facemask-with-earloops-non27373z', 'Northfield, IL', '60093', '1 855-441-8737', 'athome@medline.com', '', 'NO', 'Medline', 'https://athome.medline.com/en/', '50 masks per box', 'Wholesale', '', 'Per Case', 50),
(174, 'Disposable CPE Isolation Gowns', '99', '650.00', '650.00', 16, 225, '2020-06-12 02:39:52', 'N/A', 'https://ppe.mplus.us/product/disposable-cpe-isolation-gowns/', 'New Jersey', 'N/A', '(888) 918-0654', '', '', 'Yes', 'M Plus LLC', 'https://ppe.mplus.us/', 'Free Shipping, No Sales Tax!', 'Wholesale', 'https://www.youtube.com/watch?v=j7L7ygtCJwE', 'Per Case', 200),
(175, '10 Pack of 1 oz Hand Sanitizer at $1.20 each', '99', '12.00', '12.00', 2, 228, '2020-06-12 14:58:47', '', 'https://www.shumskyideas.com/idsppesupplies/product.cfm?uid=7363794', 'Dayton, Ohio', '45402', '1-800-414-8946', 'programs@shumsky.com', '', 'N/A', 'IndepenDent', 'https://www.shumskyideas.com/idsppesupplies/home.cfm', 'n STOCK- SAME DAY SHIPPING M-F if ordered by 1:00 PM ET.', 'Wholesale', 'N/A', 'Per Case', 10),
(176, '10 Pack of Cloth Face Masks at $1.29 each', '99', '12.90', '12.90', 7, 229, '2020-06-12 15:10:29', '', 'https://www.shumskyideas.com/idsppesupplies/product.cfm?uid=7363791', 'Dayton, Ohio', '45402', '1-800-414-8946', 'programs@shumsky.com', '', 'N/A', 'IndepenDent', 'https://www.shumskyideas.com/idsppesupplies/home.cfm', ' Available in 2 Colors!', 'Wholesale', 'N/A', 'Per Case', 10),
(177, 'Pack of Safety Glasses', '99', '14.46', '14.46', 17, 230, '2020-06-12 15:18:10', '', 'https://www.shumskyideas.com/idsppesupplies/product.cfm?uid=7363796', 'Dayton, Ohio', '45402', '1-800-414-8946', 'programs@shumsky.com', '', 'No', 'IndepenDent', 'https://www.shumskyideas.com/idsppesupplies/home.cfm', 'Elective returns are not accepted due to the nature of the products.', 'Wholesale', 'N/A', 'Per Case', 6),
(178, 'Pack of Face Shields', '99', '25.60', '25.60', 10, 231, '2020-06-12 15:32:14', '', 'https://www.shumskyideas.com/idsppesupplies/product.cfm?uid=7363787', 'Dayton, Ohio', '45402', '1-800-414-8946', 'programs@shumsky.com', '', 'No', 'IndepenDent', 'https://www.shumskyideas.com/idsppesupplies/home.cfm', 'Elective returns are not accepted due to the nature of the products.', 'Wholesale', 'N/A', 'Per Case', 8),
(179, 'KN95 Masks', '99', '40.00', '40.00', 9, 232, '2020-06-12 15:39:31', '', 'https://www.shumskyideas.com/idsppesupplies/product.cfm?uid=7363786', 'Dayton, Ohio', '45402', '1-800-414-8946', 'programs@shumsky.com', '', 'No', 'IndepenDent', 'https://www.shumskyideas.com/idsppesupplies/home.cfm', 'Elective returns are not accepted due to the nature of the products.', 'Wholesale', 'N/A', 'Per Case', 10),
(180, '16 oz Hand Sanitizers', '99', '41.40', '41.40', 2, 233, '2020-06-12 16:29:23', '', 'https://www.shumskyideas.com/idsppesupplies/product.cfm?uid=7363797', 'Dayton, Ohio', '45402', '1-800-414-8946', 'programs@shumsky.com', '', 'No', 'IndepenDent', 'https://www.shumskyideas.com/idsppesupplies/home.cfm', 'Elective returns are not accepted due to the nature of the products.', 'Wholesale', 'N/A', 'Per Case', 4),
(181, 'Pack of Disposable Gloves', '99', '42.85', '42.85', 11, 234, '2020-06-12 16:35:47', '', 'https://www.shumskyideas.com/idsppesupplies/product.cfm?uid=7412506', 'Dayton, Ohio', '45402', '1-800-414-8946', 'programs@shumsky.com', '', 'No', 'IndepenDent', 'https://www.shumskyideas.com/idsppesupplies/home.cfm', 'Elective returns are not accepted due to the nature of the products.', 'Wholesale', 'N/A', 'Per Case', 100),
(182, 'Pack of Disposable Gowns', '99', '54.20', '54.20', 16, 235, '2020-06-12 16:47:04', '', 'https://www.shumskyideas.com/idsppesupplies/product.cfm?uid=7363788', 'Dayton, Ohio', '45402', '1-800-414-8946', 'programs@shumsky.com', '', 'No', 'IndepenDent', 'https://www.shumskyideas.com/idsppesupplies/home.cfm', 'Elective returns are not accepted due to the nature of the products.', 'Wholesale', 'N/A', 'Per Case', 10),
(183, ' 3 Ply Disposable Masks', '99', '57.50', '57.50', 7, 236, '2020-06-12 16:55:21', '', 'https://www.shumskyideas.com/idsppesupplies/product.cfm?uid=7363790', 'Dayton, Ohio', '45402', '1-800-414-8946', 'programs@shumsky.com', '', 'No', 'IndepenDent', 'https://www.shumskyideas.com/idsppesupplies/home.cfm', 'Elective returns are not accepted due to the nature of the products.', 'Wholesale', 'N/A', 'Per Case', 50),
(184, 'Pack of Disposable Shoe Covers ', '99', '115.00', '115.00', 12, 237, '2020-06-12 17:33:36', '', 'https://www.shumskyideas.com/idsppesupplies/product.cfm?uid=7363785', 'Dayton, Ohio', '45402', '1-800-414-8946', 'programs@shumsky.com', '', 'No', 'IndepenDent', 'https://www.shumskyideas.com/idsppesupplies/home.cfm', 'Elective returns are not accepted due to the nature of the products.', 'Wholesale', 'N/A', 'Per Case', 100),
(185, 'Pack of Disposable Head Covers ', '99', '140.00', '140.00', 18, 238, '2020-06-12 17:42:41', '', 'https://www.shumskyideas.com/idsppesupplies/product.cfm?uid=7363784', 'Dayton, Ohio', '45402', '1-800-414-8946', 'programs@shumsky.com', '', 'No', 'IndepenDent', 'https://www.shumskyideas.com/idsppesupplies/home.cfm', 'Elective returns are not accepted due to the nature of the products.', 'Wholesale', 'N/A', 'Per Case', 100),
(186, 'GLF KN95MASK GoldLeaf KN95 Mask', '99', '157.00', '157.00', 5, 232, '2020-06-12 17:56:34', '', 'https://files.constantcontact.com/f9935f5a501/0a81a534-61c1-4b24-bfdd-0a15246a8305.pdf', 'MONTGOMERY, ALABAMA', '36117', '1-866-710-7626', 'ashley.barnett@pmcoteam.com', '', 'No', 'Turrene PharMed Co Medical Supplies', 'https://files.constantcontact.com/f9935f5a501/0a81a534-61c1-4b24-bfdd-0a15246a8305.pdf', 'PPE &amp;amp; CRITICAL SUPPLIES', 'Wholesale', 'N/A', 'Per Case', 50),
(187, 'Lysol All Purpose Cleaner - 32 Oz Spray Bottle', '14', '12.00', '12.00', 13, 295, '2020-06-12 17:57:52', '1 32 Oz Spray Bottle', 'N/A', 'Los Angeles, CA', '90008', '310-597-3047', 'kevin.atkins0418@gmail.com', '', 'NO', 'Atkins &amp;amp;amp;amp;amp; Atkins', 'N/A', 'Lysol All Purpose Cleaner - 32 Oz Spray Bottle  Call Supplier for info.', 'Retail', '', '32oz Bottle', 1),
(188, 'Germisept Alcohol Wipes 75% Alcohol Multipurpose', '26', '9.00', '9.00', 19, 296, '2020-06-12 18:06:09', '', 'www.google.com', 'Los Angeles, CA', '90008', '310-597-3047', 'kevin.atkins0418@gmail.com', '', 'NO', 'Atkins &amp;amp;amp;amp; Atkins', 'www.google.com', 'Germisept Alcohol Wipes 75% Alcohol Multipurpose 50 Wipes Per Pack', 'Retail', '', 'Per Case', 50),
(189, 'Face Mask Disposable Ear Loop 50 Pieces/Box', '8', '35.00', '35.00', 20, 263, '2020-06-12 18:19:18', '', 'www.google.com', 'Los Angeles, CA', '90008', '310-597-3047', 'kevin.atkins0418@gmail.com', '', 'NO', 'Atkins &amp;amp;amp; Atkins Services', 'www.google.com', 'Face Mask Disposable Ear Loop 50 Pieces/Box', 'Retail', '', 'Per Case', 50),
(190, 'Isolation Gowns (XL) with Shoe Covers', '55', '7.50', '7.50', 16, 263, '2020-06-12 18:25:07', '', 'www.google.com', 'Los Angeles, CA', '90008', '310-597-3047', 'kevin.atkins0418@gmail.com', '', 'NO', 'Atkins &amp;amp;amp; Atkins Services', 'www.google.com', 'Isolation Gowns (XL) with Shoe Covers', 'Retail', '', 'Per Case', 1),
(191, 'Adult Cleansing Wipes', '48', '6.50', '6.50', 21, 263, '2020-06-12 18:30:11', '68 Wipes', 'www.google.com', 'Los Angeles, CA', '90008', '310-597-3047', 'kevin.atkins0418@gmail.com', '', 'NO', 'Atkins &amp;amp;amp; Atkins Services', 'www.google.com', 'Adult Cleansing Wipes', 'Retail', '', 'Per Case', 68),
(192, 'Vinyl Stretch Gloves', '40', '10.00', '10.00', 11, 263, '2020-06-12 18:32:48', '', 'www.google.com', 'Los Angeles, CA', '90008', '310-597-3047', 'kevin.atkins0418@gmail.com', '', 'NO', 'Atkins &amp;amp;amp; Atkins', 'www.google.com', 'Vinyl Stretch Gloves', 'Retail', '', 'Per Case', 100),
(193, 'COVID-19 Face Shield', '99', '3.00', '3.00', 10, 241, '2020-06-12 19:15:55', '', 'https://www.asap.net/', 'Minneapolis, MN', '55431', '(952) 564-2727', 'blank@blank.com', '', 'NA', 'ASAP INC.', 'https://www.asap.net/', 'NA', 'Retail', 'NO LINK', 'Per Case', 1),
(195, 'Liquid Handsanitizer W/Pump ', '99', '35.00', '35.00', 3, 239, '2020-06-12 19:31:05', '', 'https://sanforddmd.com/product/liquid-hand-sanitizer-1-gallon-35-40-gallon/', 'Macon, Georgia ', 'N/A', '478-254-8168', 'ssgrisamore@SanfordDMD.com', '', 'Same day shipping for local', 'Sandford DMD', 'https://sanforddmd.com/', '70% Alcohol liquid hand sanitizer. 1 gallon containers. Can be ordered with or without pump. Sourced from a local brewery federally licensed to produce and sell hand sanitizer. Can be used on hands or sprayed on surfaces. Citrus scent. Weight 32lbs. Dimension 12  12  12 in. ', 'Retail ', 'N/A', 'Per Case', 1),
(196, 'GLF PROCEDURE MASK ', '99', '55.00', '55.00', 7, 240, '2020-06-12 19:36:21', '', 'https://files.constantcontact.com/f9935f5a501/0a81a534-61c1-4b24-bfdd-0a15246a8305.pdf', 'MONTGOMERY, ALABAMA', ' 36117  ', '1-866-710-7626', 'ashley.barnett@pmcoteam.com', '', 'No', 'Turrene PharMed Co Medical Supplies', 'https://files.constantcontact.com/f9935f5a501/0a81a534-61c1-4b24-bfdd-0a15246a8305.pdf', 'PPE &amp;amp; CRITICAL SUPPLIES', 'Wholesale', 'N/A', 'Per Case', 50),
(197, 'GLF ISOLATION GOWNS', '99', '42.75', '42.75', 16, 235, '2020-06-12 19:39:31', '', 'https://files.constantcontact.com/f9935f5a501/0a81a534-61c1-4b24-bfdd-0a15246a8305.pdf', 'MONTGOMERY, ALABAMA', '36117', '1-866-710-7626', 'ashley.barnett@pmcoteam.com', '', 'No', 'Turrene PharMed Co Medical Supplies', 'https://files.constantcontact.com/f9935f5a501/0a81a534-61c1-4b24-bfdd-0a15246a8305.pdf', 'Long Sleeve Thumb Loop', 'Wholesale', 'N/A', 'Per Case', 15),
(198, 'GLF SHOE COVER Gold Leaf Shoe Cover', '99', '34.00', '34.00', 12, 237, '2020-06-12 19:42:03', '', 'https://files.constantcontact.com/f9935f5a501/0a81a534-61c1-4b24-bfdd-0a15246a8305.pdf', 'MONTGOMERY, ALABAMA', '36117', '1-866-710-7626', 'ashley.barnett@pmcoteam.com', '', 'No', 'Turrene PharMed Co Medical Supplies', 'https://files.constantcontact.com/f9935f5a501/0a81a534-61c1-4b24-bfdd-0a15246a8305.pdf', 'Regular', 'Wholesale', 'N/A', 'Per Case', 100),
(199, 'STR 5102 Shoe Covers X-Large', '99', '21.00', '21.00', 12, 237, '2020-06-12 19:43:45', '', 'https://files.constantcontact.com/f9935f5a501/0a81a534-61c1-4b24-bfdd-0a15246a8305.pdf', 'MONTGOMERY, ALABAMA', '36117', '1-866-710-7626', 'ashley.barnett@pmcoteam.com', '', 'No', 'Turrene PharMed Co Medical Supplies', 'https://files.constantcontact.com/f9935f5a501/0a81a534-61c1-4b24-bfdd-0a15246a8305.pdf', 'Up to mens size 10', 'Wholesale', 'N/A', 'Per Case', 100),
(200, 'STR-5001 Bouffant/Nurses Caps', '99', '7.50', '7.50', 18, 238, '2020-06-12 19:45:59', '', 'https://files.constantcontact.com/f9935f5a501/0a81a534-61c1-4b24-bfdd-0a15246a8305.pdf', 'MONTGOMERY, ALABAMA', '36117', '1-866-710-7626', 'ashley.barnett@pmcoteam.com', '', 'No', 'Turrene PharMed Co Medical Supplies', 'https://files.constantcontact.com/f9935f5a501/0a81a534-61c1-4b24-bfdd-0a15246a8305.pdf', 'Nurses Caps', 'Wholesale', 'N/A', 'Per Case', 100),
(201, 'COVID-19 Face Shield (35 Pack)', '99', '115.00', '115.00', 10, 242, '2020-06-12 19:47:14', '35 per box', 'https://www.asap.net/ppe.html?065862ae2e5bb9f0b9313600cd83d77c_catalog_id=1327041&amp;amp;amp;065862ae2e5bb9f0b9313600cd83d77c_sort_by=1&amp;amp;amp;065862ae2e5bb9f0b9313600cd83d77c_content_catalog_action=display_catalog_item_details', 'Minneapolis, MN', '55431', '(952) 564-2727', 'blank@blank.com', '', 'NA', 'ASAP INC.', 'https://www.asap.net/', 'NA', 'Wholesale', 'NA', 'Per Case', 35),
(202, 'RLX SB-001-T Faceshield Splash Guard', '99', '6.00', '6.00', 10, 244, '2020-06-12 19:53:05', '', 'https://files.constantcontact.com/f9935f5a501/0a81a534-61c1-4b24-bfdd-0a15246a8305.pdf', 'MONTGOMERY, ALABAMA', '36117', '1-866-710-7626', 'ashley.barnett@pmcoteam.com', '', 'No', 'Turrene PharMed Co Medical Supplies', 'https://files.constantcontact.com/f9935f5a501/0a81a534-61c1-4b24-bfdd-0a15246a8305.pdf', 'PPE &amp;amp; CRITICAL SUPPLIES', 'Wholesale', 'N/A', 'Per Case', 1),
(203, 'GLF GOGGLE GoldLeaf Protective Goggle', '99', '5.25', '5.25', 17, 230, '2020-06-12 19:54:45', '', 'https://files.constantcontact.com/f9935f5a501/0a81a534-61c1-4b24-bfdd-0a15246a8305.pdf', 'MONTGOMERY, ALABAMA', '36117', '1-866-710-7626', 'ashley.barnett@pmcoteam.com', '', 'No', 'Turrene PharMed Co Medical Supplies', 'https://files.constantcontact.com/f9935f5a501/0a81a534-61c1-4b24-bfdd-0a15246a8305.pdf', 'PPE &amp;amp; CRITICAL SUPPLIES', 'Wholesale', 'N/A', 'Per Case', 1),
(204, 'Face Shield with Foam Pad and Elastic Headband', '99', '5.49', '5.49', 10, 243, '2020-06-12 19:56:45', '', 'https://theppewarehouse.com/product/face-shield-with-foam-pad-and-elastic-headband/', 'Phoenix, AZ', '85004', '1-833-220-3131', 'websales@theppewarehouse.com', '', 'NA', 'The PPE Warehouse', 'https://theppewarehouse.com/', 'NA', 'Retail', 'NA', 'Per Case', 1),
(205, 'GLF INFRARED THERMO Gold Leaf Thermometer', '99', '65.00', '65.00', 22, 245, '2020-06-12 19:58:54', '', 'https://files.constantcontact.com/f9935f5a501/0a81a534-61c1-4b24-bfdd-0a15246a8305.pdf', 'MONTGOMERY, ALABAMA', '36117', '1-866-710-7626', 'ashley.barnett@pmcoteam.com', '', 'No', 'Turrene PharMed Co Medical Supplies', 'https://files.constantcontact.com/f9935f5a501/0a81a534-61c1-4b24-bfdd-0a15246a8305.pdf', 'No Touch, Infrared', 'Wholesale', 'N/A', 'Per Case', 1),
(206, 'Hand Sanitizer (Liquid)', '99', '39.95', '39.95', 3, 246, '2020-06-12 20:01:58', '', 'https://theppewarehouse.com/product/hand-sanitizer-1-gallon-jug/', 'Phoenix, AZ', '85004', '1-833-220-3131', 'websales@theppewarehouse.com', '', 'NA', 'The PPE Warehouse', 'https://theppewarehouse.com/', 'NA', 'Retail', 'NA', 'Gallon Per Case', 1),
(207, 'PMP 20110 Pulse Oximeter Finger', '99', '25.00', '25.00', 23, 247, '2020-06-12 20:02:00', '', 'https://files.constantcontact.com/f9935f5a501/0a81a534-61c1-4b24-bfdd-0a15246a8305.pdf', 'MONTGOMERY, ALABAMA', '36117', '1-866-710-7626', 'ashley.barnett@pmcoteam.com', '', 'No', 'Turrene PharMed Co Medical Supplies', 'https://files.constantcontact.com/f9935f5a501/0a81a534-61c1-4b24-bfdd-0a15246a8305.pdf', 'Pulse Oximeter Finger', 'Wholesale', 'N/A', 'Per Case', 1),
(208, 'Face Shield with Head Strap and Elastic Headband', '99', '4.95', '4.95', 10, 248, '2020-06-12 20:04:53', '', 'https://theppewarehouse.com/product/face-shield-with-head-strap-and-elastic-headband/', 'Phoenix, AZ', '85004', '1-833-220-3131', 'websales@theppewarehouse.com', '', 'NA', 'The PPE Warehouse', 'https://theppewarehouse.com/', 'NA', 'Retail', 'NA', 'Per Case', 1),
(209, 'DER 00104 GelRite Hand Sanitizer', '99', '1.75', '1.75', 2, 249, '2020-06-12 20:05:48', '', 'https://files.constantcontact.com/f9935f5a501/0a81a534-61c1-4b24-bfdd-0a15246a8305.pdf', 'MONTGOMERY, ALABAMA', '36117', '1-866-710-7626', 'ashley.barnett@pmcoteam.com', '', 'No', 'Turrene PharMed Co Medical Supplies', 'https://files.constantcontact.com/f9935f5a501/0a81a534-61c1-4b24-bfdd-0a15246a8305.pdf', '4 oz Alcohol', 'Wholesale', 'N/A', 'Per Case', 1),
(210, 'Non-Surgical Face Mask', '99', '65.00', '65.00', 7, 0, '2020-06-12 20:06:51', '', 'https://theppewarehouse.com/product/non-surgical-face-mask-box-of-50/', 'Phoenix, AZ', '85004', '1-833-220-3131', 'websales@theppewarehouse.com', '', 'NA', 'The PPE Warehouse', 'https://theppewarehouse.com/', 'NA', 'Masks', 'NA', 'Per Case', 50),
(211, 'DER 00106 GelRite Hand Sanitizer', '99', '5.25', '5.25', 2, 249, '2020-06-12 20:07:56', '', 'https://files.constantcontact.com/f9935f5a501/0a81a534-61c1-4b24-bfdd-0a15246a8305.pdf', 'MONTGOMERY, ALABAMA', '36117', '1-866-710-7626', 'ashley.barnett@pmcoteam.com', '', 'No', 'Turrene PharMed Co Medical Supplies', 'https://files.constantcontact.com/f9935f5a501/0a81a534-61c1-4b24-bfdd-0a15246a8305.pdf', '16 oz Alcohol', 'Wholesale', 'N/A', 'Per Case', 1),
(212, 'Personal Protective Equipment Face Shields', '99', '238.80', '238.80', 10, 251, '2020-06-12 20:08:56', '', 'https://theppewarehouse.com/product/personal-protective-equipment-face-shields-24/', 'Phoenix, AZ', '85004', '1-833-220-3131', 'websales@theppewarehouse.com', '', 'NA', 'The PPE Warehouse', 'https://theppewarehouse.com/', 'NA', 'Wholesale', 'NA', 'Per Case', 24),
(213, 'Personal Protective Equipment Face Shield', '99', '10.95', '10.95', 10, 251, '2020-06-12 20:10:03', '', 'https://theppewarehouse.com/product/personal-protective-equipment-face-shields/', 'Phoenix, AZ', '85004', '1-833-220-3131', 'websales@theppewarehouse.com', '', 'NA', 'The PPE Warehouse', 'https://theppewarehouse.com/', 'NA', 'Retail', 'NA', 'Per Case', 1),
(214, 'CAM 600-12 Microdot Bleach Wipe', '99', '14.40', '14.40', 21, 252, '2020-06-12 20:11:04', '', 'https://files.constantcontact.com/f9935f5a501/0a81a534-61c1-4b24-bfdd-0a15246a8305.pdf', 'MONTGOMERY, ALABAMA', '36117', '1-866-710-7626', 'ashley.barnett@pmcoteam.com', '', 'No', 'Turrene PharMed Co Medical Supplies', 'https://files.constantcontact.com/f9935f5a501/0a81a534-61c1-4b24-bfdd-0a15246a8305.pdf', 'Wipe 6 x 6', 'Wholesale', 'N/A', 'Per Case', 160),
(215, 'MIT COVID-19 Face Shield', '99', '2.79', '2.79', 10, 253, '2020-06-12 20:25:11', '', 'MIT COVID-19 face shield', 'Cambridge, MA', '02142', 'NA', 'blank@blank.com', '', 'NA', 'MIT Project Manus	MIT Project Manus', 'https://project-manus.mit.edu/', 'NA', 'Retail', 'NA', 'Per Case', 1),
(216, 'MIT COVID-19 Face Shields', '99', '348.75', '348.75', 10, 253, '2020-06-12 20:27:34', '', 'https://project-manus.mit.edu/fs-health', 'Cambridge, MA', '02142', 'NA', 'blank@blank.com', '', 'NA', 'MIT Project Manus	MIT Project Manus', 'https://project-manus.mit.edu/', 'NA', 'Wholesale', 'NA', 'Per Case', 125),
(217, 'Reusable/Washable Emergency Medical Gown Level 1', '99', '14.22', '14.22', 16, 254, '2020-06-12 20:52:29', '', 'https://www.broadwayreliefproject.com/gowns', 'New York, NY', '10019', '646-661-1866', 'jeff.whiting@openjarstudios.com', '', 'NA', 'Broadway Relief Project', 'https://www.broadwayreliefproject.com/', 'NA', 'Retail', 'NA', 'Per Case', 1),
(218, 'Reusable/Washable Emergency Medical Gowns Level 1', '99', '355.50', '355.50', 16, 254, '2020-06-12 20:57:02', '', 'https://www.broadwayreliefproject.com/gowns', 'New York, NY', '10019', '646-661-1866', 'jeff.whiting@openjarstudios.com', '', 'NA', 'Broadway Relief Project', 'https://www.broadwayreliefproject.com/', 'NA', 'Wholesale', 'NA', 'Per Case', 25),
(219, 'Disposable Emergency Medical Gown Level 1&amp;amp;2', '99', '5.15', '5.15', 16, 255, '2020-06-12 21:03:59', '', 'https://www.broadwayreliefproject.com/gowns', 'New York, NY', '10019', '646-661-1866', 'jeff.whiting@openjarstudios.com', '', 'NA', 'Broadway Relief Project', 'https://www.broadwayreliefproject.com/', 'NA', 'Retail', 'NA', 'Per Case', 1),
(220, 'Disposable Emergency Medical Gowns Level 1&amp;amp;2', '99', '515.00', '515.00', 16, 255, '2020-06-12 21:05:37', '', 'https://www.broadwayreliefproject.com/gowns', 'New York, NY', '10019', '646-661-1866', 'jeff.whiting@openjarstudios.com', '', 'NA', 'Broadway Relief Project', 'https://www.broadwayreliefproject.com/', 'NA', 'Wholesale', 'NA', 'Per Case', 100),
(221, 'Disposable Emergency Medical Gown Level 4', '99', '9.15', '9.15', 16, 255, '2020-06-12 21:08:42', '', 'https://www.broadwayreliefproject.com/gowns', 'New York, NY', '10019', '646-661-1866', 'jeff.whiting@openjarstudios.com', '', 'NA', 'Broadway Relief Project', 'https://www.broadwayreliefproject.com/', 'NA', 'Retail', 'NA', 'Per Case', 1),
(222, 'Disposable Emergency Medical Gowns Level 4', '99', '915.00', '915.00', 16, 255, '2020-06-12 21:10:12', '', 'https://www.broadwayreliefproject.com/gowns', 'New York, NY', '10019', '646-661-1866', 'jeff.whiting@openjarstudios.com', '', 'NA', 'Broadway Relief Project', 'https://www.broadwayreliefproject.com/', 'NA', 'Wholesale', 'NA', 'Per Case', 100),
(223, 'Washable/Adjustable Cloth Mask + Logo', '99', '1.50', '1.50', 7, 256, '2020-06-12 21:37:11', '1 per pack', 'https://www.broadwayreliefproject.com/masks', 'New York, NY', '10019', '646-661-1866', 'jeff.whiting@openjarstudios.com', '', 'NA', 'Broadway Relief Project', 'https://www.broadwayreliefproject.com/', 'NA', 'Retail', 'NA', 'Per Case', 1),
(225, 'Washable Cloth Mask', '99', '4.25', '4.25', 7, 257, '2020-06-12 21:39:52', '1 per pack', 'https://www.broadwayreliefproject.com/masks', 'New York, NY', '10019', '646-661-1866', 'jeff.whiting@openjarstudios.com', '', 'NA', 'Broadway Relief Project', 'https://www.broadwayreliefproject.com/', 'NA', 'Retail', 'NA', 'Per Case', 1),
(226, 'Washable Cloth Masks', '99', '425.00', '425.00', 7, 257, '2020-06-12 21:40:52', '', 'https://www.broadwayreliefproject.com/masks', 'New York, NY', '10019', '646-661-1866', 'jeff.whiting@openjarstudios.com', '', 'NA', 'Broadway Relief Project', 'https://www.broadwayreliefproject.com/', 'NA', 'Wholesale', 'NA', 'Per Case', 100),
(227, 'Washable/Adjustable Cloth Masks + Logo', '99', '750.00', '750.00', 7, 256, '2020-06-12 21:43:20', '', 'https://www.broadwayreliefproject.com/masks', 'New York, NY', '10019', '646-661-1866', 'jeff.whiting@openjarstudios.com', '', 'NA', 'Broadway Relief Project', 'https://www.broadwayreliefproject.com/', 'NA', 'Wholesale', 'NA', 'Per Case', 500),
(228, 'Liquid Hand Sanitizer 2 oz ', '99', '16.98', '16.98', 3, 258, '2020-06-12 22:01:56', '', 'https://sanforddmd.com/product/sanitizer/', 'Macon, Georgia', 'N/A', '4782548168', 'ssgrisamore@SanfordDMD.com', '', 'Free local, next day delivery in Macon Georgia', 'Sandford DMD', 'https://sanforddmd.com/', '70% Alcohol liquid hand sanitizer. Citrus or mint scent. Sourced from a local brewery federally licensed to produce and sell hand sanitizer. Made as a liquid (by government request) so it can be used on hands, or sprayed on surfaces.  Formula based on FDA Compounding Guidelines for consumer and healthcare personal use. Made with denatured ethyl alcohol, due to isopropyl alcohol price surges. Ethyl alcohol has a stronger scent than you may be accustomed to, but fades immediately. Size 2 oz ($2.06  $2.83/bottle) Unit being sold by 1, 3, 4, 6, 12, 24, 48', 'Retail', 'N/A', 'Per Case', 1),
(229, 'Liquid Hand Sanitizer 2 oz Mist Spray Bottle (6 Pack)', '99', '16.99', '16.99', 3, 259, '2020-06-12 22:20:14', '', 'https://sanforddmd.com/product/liquid-hand-sanitizer-2-oz-fine-mist-bottle-6-bottle-pack-3-50-bottle/', 'Macon, Georgia', 'N/A', ' 478-254-8168', 'ssgrisamore@SanfordDMD.com', '', 'Free local, next day delivery in Macon Georgia', 'Sandford DMD', 'https://sanforddmd.com/', '70% Alcohol liquid hand sanitizer. 2 oz spray bottle. Citrus scent. Sourced from a local brewery federally licensed to produce and sell hand sanitizer. Made as a liquid (by government request) so it can be used on hands, or sprayed on surfaces.  Formula based on FDA Compounding Guidelines for consumer and healthcare personal use. Made with denatured ethyl alcohol, due to isopropyl alcohol price surges. Ethyl alcohol has a stronger scent than you may be accustomed to, but fades immediately. Weight 3lbs Dimensions 4  4  4 in', 'Retail', 'N/A', 'Per Case', 6),
(231, 'Liquid Hand Sanitizer 4 oz Spray Bottle (3 Pack) ', '99', '12.99', '12.99', 3, 259, '2020-06-12 22:33:01', '', 'https://sanforddmd.com/product/liquid-hand-sanitizer-4-oz-squeeze-bottles-48-bottle-pack-3-44-bottle/', 'Macon, Georgia', 'N/A', '4782548168', 'ssgrisamore@SanfordDMD.com', '', 'Free local, next day delivery in Macon Georgia', 'Sandford DMD', 'https://sanforddmd.com/', '70% Alcohol liquid hand sanitizer. 4 oz spray bottle. Citrus scent. Sourced from a local brewery federally licensed to produce and sell hand sanitizer. Made as a liquid (by government request) so it can be used on hands, or sprayed on surfaces.  Formula based on FDA Compounding Guidelines for consumer and healthcare personal use. Made with denatured ethyl alcohol, due to isopropyl alcohol price surges. Ethyl alcohol has a stronger scent than you may be accustomed to, but fades immediately. Wholesale pricing available', 'Retail', 'N/A', 'Per Case', 3),
(232, 'Liquid Hand Sanitizer 4 oz Spray Bottle', '99', '169.99', '169.99', 3, 259, '2020-06-12 22:35:54', '', 'https://sanforddmd.com/product/liquid-hand-sanitizer-4-oz-squeeze-bottles-48-bottle-pack-3-44-bottle/', 'Macon, Georgia', 'N/A', '4782548168', 'ssgrisamore@SanfordDMD.com', '', 'Free local, next day delivery in Macon Georgia', 'Sandford DMD', 'https://sanforddmd.com/', '70% Alcohol liquid hand sanitizer. 4 oz spray bottle. Citrus scent. Sourced from a local brewery federally licensed to produce and sell hand sanitizer. Made as a liquid (by government request) so it can be used on hands, or sprayed on surfaces.  Formula based on FDA Compounding Guidelines for consumer and healthcare personal use. Made with denatured ethyl alcohol, due to isopropyl alcohol price surges. Ethyl alcohol has a stronger scent than you may be accustomed to, but fades immediately.', 'Wholesale', 'N/A', 'Per Case', 48),
(233, 'Cover Gowns', '99', '349.99', '349.99', 16, 260, '2020-06-12 22:48:26', '', 'https://sanforddmd.com/product/cover-gown/', 'Macon, Georgia', 'N/A', '4782548168', 'ssgrisamore@SanfordDMD.com', '', 'Free local, next day delivery in Macon Georgia', 'Sandford DMD', 'https://sanforddmd.com/', '  Cover gown for nurse or public staff use made of PP mixed with ABS. Better fluid resistance effect, total weight 25 gram.  Back Style: Full Back  Chemotherapy Tested: No  Closure Style: Neck and Back Tie  Cuff Style: Elastic Wrists / Knitted Cuffs  Seams: Stitched / Heat Sealed  Material: PP (polypropylene) + ABS 25 g  Size: XL  Fluid Resistant: Moderate ', 'Wholesale', 'N/A', 'Per Case', 100),
(235, 'Liquid Hand Sanitizer 12 oz (Citrus Scent With Pump)', '99', '11.99', '11.99', 3, 261, '2020-06-12 23:10:02', '', 'https://sanforddmd.com/product/liquid-hand-sanitizer-12-oz-medicine-bottles-with-pump-1-bottle-14-99-bottle-copy/', 'Macon, Georgia', 'N/A', '4782548168', 'ssgrisamore@SanfordDMD.com', '', 'Free local, next day delivery in Macon Georgia', 'Sandford DMD', 'https://sanforddmd.com/', '70% Alcohol liquid hand sanitizer. 12 oz bottle with pump. Citrus scent. Sourced from a local brewery federally licensed to produce and sell hand sanitizer. Made as a liquid (by government request) so it can be used on hands, or sprayed on surfaces.  Formula based on FDA Compounding Guidelines for consumer and healthcare personal use. Made with denatured ethyl alcohol, due to isopropyl alcohol price surges. Ethyl alcohol has a stronger scent than you may be accustomed to, but fades immediately.', 'Retail', 'N/A', 'Per Case', 1),
(238, 'Liquid Hand Sanitizer 12 oz (Citrus Scent Without Pump)', '99', '10.99', '10.99', 3, 261, '2020-06-13 01:04:21', '', 'https://sanforddmd.com/product/liquid-hand-sanitizer-12-oz-medicine-bottles-with-pump-1-bottle-14-99-bottle-copy/', 'Macon, Georgia', 'N/A', '4782548168', 'ssgrisamore@SanfordDMD.com', '', 'Free local, next day delivery in Macon Georgia', 'Sandford DMD', 'https://sanforddmd.com/', '70% Alcohol liquid hand sanitizer. 12 oz bottle with pump. Citrus scent. Sourced from a local brewery federally licensed to produce and sell hand sanitizer. Made as a liquid (by government request) so it can be used on hands, or sprayed on surfaces.  Formula based on FDA Compounding Guidelines for consumer and healthcare personal use. Made with denatured ethyl alcohol, due to isopropyl alcohol price surges. Ethyl alcohol has a stronger scent than you may be accustomed to, but fades immediately.', 'Retail', 'N/A', 'Per Case', 1),
(241, 'Liquid Hand Sanitizer (1 Gallon)', '99', '40.00', '40.00', 3, 266, '2020-06-13 14:55:51', '', 'https://sanforddmd.com/product/liquid-hand-sanitizer-sddm-1301/', 'Macon, Georgia', 'N/A', '478-254-8168', 'ssgrisamore@SanfordDMD.com', '', 'Free local, next day delivery in Macon Georgia', 'Sandford DMD', 'https://sanforddmd.com/', 'Free local, next day delivery in Macon, Georgia. Current orders will be shipped in milk style containers. Second batch, available shortly after will be in Clorox style jugs.  70% Alcohol liquid hand sanitizer. 1 gallon refill jugs. Citrus scent. Sourced from a local brewery federally licensed to produce and sell hand sanitizer. Made as a liquid (by government request) so it can be used on hands, or sprayed on surfaces.  Formula based on FDA Compounding Guidelines for consumer and healthcare personal use. Made with denatured ethyl alcohol, due to isopropyl alcohol price surges. Ethyl alcohol has a stronger scent than you may be accustomed to, but fades immediately. Weight 32lbs, DImensions 12  12  12 in', 'Retail', 'N/A', 'Per Case', 1),
(243, 'Liquid Hand Sanitizer 28 oz (Spray Bottle)', '99', '19.99', '19.99', 3, 267, '2020-06-13 15:05:33', '', 'https://sanforddmd.com/product/liquid-hand-sanitizer-28-oz-spray-bottle-pick-up-only-19-99-bottle/', 'Macon, Georgia', 'N/A', '478-254-8168', 'ssgrisamore@SanfordDMD.com', '', 'Free local, next day delivery in Macon Georgia', 'Sanford DMD', 'https://sanforddmd.com/', '70% Alcohol liquid hand sanitizer. 28 oz spray bottle. Great for cleaning. Citrus scent. Sourced from a local brewery federally licensed to produce and sell hand sanitizer. Made as a liquid (by government request) so it can be used on hands, or sprayed on surfaces.  Formula based on FDA Compounding Guidelines for consumer and healthcare personal use. Made with denatured ethyl alcohol, due to isopropyl alcohol price surges. Ethyl alcohol has a stronger scent than you may be accustomed to, but fades immediately. ', 'Retail', 'N/A', 'Per Case', 1),
(245, 'Masks/KN95', '99', '149.50', '149.50', 5, 268, '2020-06-13 15:28:30', '', 'https://sanforddmd.com/product/kn95-respirator-mask/', 'Macon, Georgia', 'N/A', '4782548168', 'ssgrisamore@SanfordDMD.com', '', 'Free local, next day delivery in Macon Georgia', 'Sanford DMD', 'https://sanforddmd.com/', '  Respirator Masks are designed as personal protective equipment (PPE), and thus focusing on protecting the wearer.  Material: Melt blown BFE 99 level  PFE (0.3 microns Partical Filtration Efficiency) &amp;gt;=95%     KN95 Respirator that meets the standard of GB2626-2006, equivalent to FFP2 and N95, made of 50g, 99 level Melt-blown, &amp;gt;95% filter on 0.3 micrometer particles', 'Wholesale', 'N/A', 'Per Case', 50);
INSERT INTO `products` (`id`, `name`, `quantity`, `buy_price`, `sale_price`, `categorie_id`, `media_id`, `date`, `singleUnit`, `itemLink`, `city`, `zipcode`, `phone`, `email`, `delieveryTime`, `freeShipping`, `company`, `website`, `description`, `purchaseType`, `reviewLink`, `singleUnits`, `singleValue`) VALUES
(248, 'Mask/Surgical', '99', '129.50', '129.50', 6, 268, '2020-06-13 15:34:10', '', 'https://sanforddmd.com/product/kn95-respirator-mask/', 'Macon, Georgia', 'N/A', '4782548168', 'ssgrisamore@SanfordDMD.com', '', 'Free local, next day delivery in Macon Georgia', 'Sanford DMD', 'https://sanforddmd.com/', '  Respirator Masks are designed as personal protective equipment (PPE), and thus focusing on protecting the wearer.  Material: Melt blown BFE 99 level  PFE (0.3 microns Partical Filtration Efficiency) &amp;gt;=95%     KN95 Respirator that meets the standard of GB2626-2006, equivalent to FFP2 and N95, made of 50g, 99 level Melt-blown, &amp;gt;95% filter on 0.3 micrometer particles', 'Wholesale', 'N/A', 'Per Case', 50),
(253, 'Mask/Cloth', '99', '350.00', '350.00', 7, 268, '2020-06-13 15:53:24', '', 'https://sanforddmd.com/product/kn95-respirator-mask/', 'Macon, Georgia', 'N/A', '4782548168', 'ssgrisamore@SanfordDMD.com', '', 'Free local, next day delivery in Macon Georgia', 'Sanford DMD', 'https://sanforddmd.com/', '  Respirator Masks are designed as personal protective equipment (PPE), and thus focusing on protecting the wearer.  Material: Melt blown BFE 99 level  PFE (0.3 microns Partical Filtration Efficiency) &amp;gt;=95%     KN95 Respirator that meets the standard of GB2626-2006, equivalent to FFP2 and N95, made of 50g, 99 level Melt-blown, &amp;gt;95% filter on 0.3 micrometer particles. Colour Available in Black and White', 'Wholesale', 'N/A', 'Per Case', 100),
(255, 'Medical Surgical Mask', '99', '49.99', '49.99', 6, 269, '2020-06-13 15:58:46', '', 'https://sanforddmd.com/product/surgicalmasks/', 'Macon, Georgia', 'N/A', '4782548168', 'ssgrisamore@SanfordDMD.com', '', 'Free local, next day delivery in Macon Georgia', 'Sanford DMD', 'https://sanforddmd.com/', 'Medical &amp;amp; Surgical Masks are mainly designed to protect a patient in a medical or surgical environment. Suitable for doctors, nurses &amp;amp; health workers.  Material: Melt blown BFE 99 level  non-woven fabric, &amp;gt;25 g, ear strap  BFE (Bacterial Filtration Efficiency) &amp;gt;=95%  PFE (Partical Filtration Efficiency) &amp;gt;=30%  Fluid Resistance (mmHg): 120', 'Retail', 'N/A', 'Per Case', 50),
(257, 'Washable and Reusable Cloth Mask', '99', '14.97', '14.97', 7, 270, '2020-06-13 16:16:13', '', 'https://sanforddmd.com/product/black-cloth-reusable-mask-3-pack-4-99-mask/', 'Macon, Georgia', 'N/A', '4782548168', 'ssgrisamore@SanfordDMD.com', '', 'Free local, next day delivery in Macon Georgia', 'Sanford DMD', 'https://sanforddmd.com/product/black-cloth-reusable-mask-3-pack-4-99-mask/', 'Cloth masks made of 98% cotton and 2% spandex. This mask is washable and reusable. Available in Black and White. Weight 0.5 lbs Dimensions 3 5  .5 inches', 'Retail', 'N/A', 'Per Case', 3),
(259, 'Floor Decals - Footprint Vinly Adhesive', '99', '10.49', '10.49', 24, 272, '2020-06-13 16:52:02', '', 'https://sanforddmd.com/product/floor-decals-footprint-vinyl-adhesive-edited/', 'Macon, Georgia', 'N/A', '478-2548168', 'ssgrisamore@SanfordDMD.com', '', 'Free local, next day delivery in Macon Georgia', 'Sanford DMD', 'https://sanforddmd.com/', '  Floor Decals  Footprint  Vinyl Adhesive  12 x 12  4 Colors: Red, Green, and Blue      SAFETY: Social distancing decals for your business. Creates a comfortable sense of awareness for all customers while helping to direct and maintain social distancing guidelines.     FEATURES: Permanent Adhesive Backed. Variety of colors, sizes, and designs.     ADAPTABLE: Applies to almost any hard vertical surface. (glass, drywall, metal, wood, laminate etc)     STABILITY: Durable, long-lasting vinyl with adhesive. Can be cleaned easily with water, sponge and light soap.     SAFE PACKAGING, FAST DELIVERY, EASY &amp;amp; QUICK: Easy application on any hard vertical, flat surface! High grade adhesive allows for a solid adherence to surfaces.     MADE IN THE USA: Decals are custom printed and shipped from one of our manufacturing facilities direct to your home or business     Clean with mild dish soap and water.', 'Retail', 'N/A', 'Per Case', 1),
(262, 'Protective Barrier Sneeze and Cough Shield', '99', '114.99', '114.99', 25, 271, '2020-06-13 17:09:27', '', 'https://sanforddmd.com/product/barrier/', 'Macon, Georgia', 'N/A', '4782548168', 'ssgrisamore@SanfordDMD.com', '', 'Free local, next day delivery in Macon Georgia', 'Sanford DMD', 'https://sanforddmd.com/', '  Stand Alone/Freestanding Acrylic Partition/Sneeze Guard with Transaction Cut Out      MINIMIZE EXPOSURE: Reduces transmission of harmful germs and viruses.     ADAPTABLE: 32 Tall x 23.5 Wide,  thick material with 6x 9 bottom center pass through cutout.     STABILITY: 8x12 slotted feet provide stability in high traffic areas.     SAFE PACKAGING, FAST DELIVERY, EASY &amp;amp; QUICK: Carefully flat packed, easy to assemble on site. Instruction sheet provided.     MADE IN THE USA: Each shield is manufactured at one of our multiple idX divisions across the USA, providing fast and efficient order processing.', 'Retail', 'N/A', 'Per Case', 1),
(265, 'Micro-Kill+ Disinfectant Wipes With Alcohol, 160 Count', '99', '142.20', '142.20', 21, 276, '2020-06-15 16:25:11', '', 'https://athome.medline.com/en/micro-kill-disinfectant-wipes-with-alcohol-160-count-msc351200', 'Northfield, IL', '60093', '1 855-441-8737', 'athome@medline.com', '', 'NO', 'Medline At Home', 'https://athome.medline.com/en/', '160 disinfectant wipes per pack', 'Wholesale', '', 'Per Case', 160),
(266, 'AirLife Tri-Flo Cath-N-Glove ', '99', '1.99', '1.99', 11, 277, '2020-06-15 16:39:52', '', 'https://www.medicalsupplydepot.com/Respiratory-Care/Suction-Catheters-1/CareFusion-AirLife-Tri-Flo-Cath-N-Glove.html', 'New York, NY', '10019', '(800) 965-7496', 'info@medicalsupplydepot.com', '', 'NO', 'Medical Supply Depot ', 'https://www.medicalsupplydepot.com/', '1 pair of gloves per pack', 'Retail', '', 'Per Case', 1),
(267, 'Universal Heavy-Duty SMS Shoe Cover ', '99', '9.99', '9.99', 8, 278, '2020-06-15 16:53:10', '', 'https://www.medicalsupplydepot.com/Skin-Care-Products-1/Protective-Wear-2/Universal-Heavy-Duty-SMS-Shoe-Cover.html', 'New York, NY', '010019', '(800) 965-7496', 'info@medicalsupplydepot.com', '', 'NO', 'Medical Supply Depot ', 'https://www.medicalsupplydepot.com/', '1 universal shoe cover per pack', 'Retail', '', 'Per Case', 1),
(268, 'Procure Digital Thermometer', '99', '2.99', '2.99', 22, 0, '2020-06-15 16:59:59', '', 'https://www.medicalsupplydepot.com/Procure-Digital-Thermometer.html', 'New York, NY', '10019', '(800) 965-7496', 'info@medicalsupplydepot.com', '', 'NO', 'Medical Supply Depot ', 'https://www.medicalsupplydepot.com/', '1 thermometer per pack', 'Retail', '', 'Per Case', 1),
(269, '3-Ply Level 2 Disposable Face Masks Case (2500 masks)', '99', '1500.00', '1500.00', 7, 280, '2020-06-15 17:06:11', '', 'https://ppeusasupply.com/product/3-ply-level-2/', ' Walpole, MA', '02081', '(781) 806-0264', 'info@ppeusasupply.com', '', 'NO', 'PPE Usa Supply', 'https://ppeusasupply.com/', '1500 cloth face masks per pack', 'Wholesale', '', 'Per Case', 1500),
(270, 'Professional Nitrile Gloves  Powder Free Latex Free', '99', '150.00', '150.00', 11, 281, '2020-06-15 17:10:07', '', 'https://ppeusasupply.com/product/nitrile-gloves/', ' Walpole, MA', '02081', '(781) 806-0264  ', 'info@ppeusasupply.com', '', 'NO', 'PPE Usa Supply', 'https://ppeusasupply.com/', '1000 Nitrile gloves per case', 'Wholesale', '', 'Per Case', 1000),
(271, 'Adjustable Cloth Mask  Level 1 Protection (50 masks/case)', '99', '150.00', '150.00', 7, 282, '2020-06-15 17:13:55', '', 'https://ppeusasupply.com/product/cloth-mask/', 'Walpole, MA', '02081', '(781) 806-0264  ', 'info@ppeusasupply.com', '', 'NO', 'PPE Usa Supply', 'https://ppeusasupply.com/', '50 cloth face masks per case', 'Wholesale', '', 'Per Case', 50),
(272, '70% Hand Sanitizer Gallon Size Case ', '99', '200.00', '200.00', 3, 283, '2020-06-15 17:19:43', '', 'https://ppeusasupply.com/product/16-sanitizer/', 'Walpole, MA', '02081', '(781) 806-0264  ', 'info@ppeusasupply.com', '', 'NO', 'PPE Usa Supply', 'https://ppeusasupply.com/', '1 gallon liquid hand sanitizer', 'Wholesale', '', 'Gallon Per Case', 1),
(273, 'KN95 Protection Face Mask Case(1000 units/case  $2.50/unit)', '99', '2500.00', '2500.00', 5, 284, '2020-06-15 17:24:09', '', 'https://ppeusasupply.com/product/kn95/', 'Walpole, MA', '02081', '(781) 806-0264  ', 'info@ppeusasupply.com', '', 'NO', 'PPE Usa Supply', 'https://ppeusasupply.com/', '1000 KN95 Masks per case', 'Wholesale', '', 'Per Case', 1000),
(274, 'Disposable Vinyl Gloves', '99', '90.00', '90.00', 11, 285, '2020-06-15 17:27:52', '', 'https://ppeusasupply.com/product/disposable-vinyl-gloves-0-09-unit/', 'Walpole, MA', '02081', '(781) 806-0264  ', 'info@ppeusasupply.com', '', 'NO', 'PPE Usa Supply', 'https://ppeusasupply.com/', '1000 vinyl gloves per case', 'Wholesale', '', 'Per Case', 1000),
(275, 'Disposable Isolation Gown', '99', '700.00', '700.00', 16, 286, '2020-06-15 17:32:15', '', 'https://ppeusasupply.com/product/isolation-gown/', 'Walpole, MA', '02081', '(781) 806-0264  ', 'info@ppeusasupply.com', '', 'NO', 'PPE Usa Supply', 'https://ppeusasupply.com/', '200 gowns per case ', 'Wholesale', '', 'Per Case', 200),
(276, 'Level 3 Reusable Isolation Gown  Unisex', '99', '850.00', '850.00', 16, 287, '2020-06-15 17:36:05', '', 'https://ppeusasupply.com/product/level-3-gown/', 'Walpole, MA', '02081', '(781) 806-0264  ', 'info@ppeusasupply.com', '', 'NO', 'PPE Usa Supply', 'https://ppeusasupply.com/', '100 gowns per case', 'Wholesale', '', 'Per Case', 100),
(277, 'Clorox 31181 Disinfecting Wipes Value Pack', '99', '48.00', '48.00', 19, 288, '2020-06-15 17:41:35', '', 'https://ppeusasupply.com/product/clorox-31181/', 'Walpole, MA', '02081', '(781) 806-0264  ', 'info@ppeusasupply.com', '', 'NO', 'PPE Usa Supply', 'https://ppeusasupply.com/', '3 disinfectant wipes per pack', 'Retail', '', 'Per Case', 3),
(279, 'Covidien 5110 Webcol Alcohol Prep', '99', '160.00', '160.00', 19, 289, '2020-06-15 17:46:03', '', 'https://ppeusasupply.com/product/covidien-5110/', 'Walpole, MA', '02081', '(781) 806-0264  ', 'info@ppeusasupply.com', '', 'NO', 'PPE Usa Supply', 'https://ppeusasupply.com/', '4000 alcohol preps per case', 'Wholesale', '', 'Per Case', 4000),
(281, 'Makrite N95 Masks', '99', '1560.00', '1560.00', 9, 291, '2020-06-15 18:00:05', '', 'https://ppe.mplus.us/n95-masks/', 'NA', 'NA', '(888) 918-0654  ', 'blank@blank.com', '', 'NO', 'M Plus, LLC', 'https://ppe.mplus.us/', '240 N95 masks per case', 'Wholesale', '', 'Per Case', 240),
(284, '20PCS Magicare 4-Ply KN95 Masks', '99', '49.99', '49.99', 5, 294, '2020-06-15 18:51:02', '', 'https://www.amazon.com/Magicare-Material-Protection-Efficiency-Filtration/dp/B089218KQ5?ots=1&amp;amp;slotNum=1&amp;amp;imprToken=34b95ca5-b290-e73c-e4c&amp;amp;tag=b0c55-20', 'Seattle, Washington', '98109', '(206) 922-0880', 'primary@amazon.com', '', 'NO', 'Amazon', 'https://www.amazon.com/', '20 KN95 masks per pack', 'Retail', '', 'Per Case', 20);

--
-- Dumping data for table `site_visits`
--

INSERT INTO `site_visits` (`id`, `visit_id`, `time`, `ip`) VALUES
(1, 'n15pjbvnkrjgnkt15b6n32r85l', '2020-06-09 02:17:00', NULL),
(2, 'umhhntr1r6o6hhd030hpd0oeni', '2020-06-09 02:17:29', NULL),
(3, 'of6tueqmeik88r8ddecc524ahc', '2020-06-09 02:28:01', NULL),
(4, 'lkphr60dsmb3dfbhjhdrpek9o8', '2020-06-09 02:37:52', NULL),
(5, 'r6brbjcqfvb74qjg2rpdko5jh2', '2020-06-09 02:39:26', NULL),
(6, 'rj486836m5ktnvmnm5lm19qv3s', '2020-06-09 02:58:24', NULL),
(7, 'c56loc2vl8cheh6ksh5jdpg0on', '2020-06-09 03:02:06', NULL),
(8, 'nfvkr4lcj7c5n4rdau1c5neprf', '2020-06-09 03:09:17', NULL),
(9, '8e5cckhdojfc5o4avc2jm8ao6n', '2020-06-09 03:59:29', NULL),
(10, 'nfvkr4lcj7c5n4rdau1c5neprf', '2020-06-09 04:23:29', NULL),
(11, '6br7b38gue46v4h5ubigukh34u', '2020-06-09 05:17:01', NULL),
(12, '9f6sp9a77mifcjernnrnfp25mu', '2020-06-09 05:31:06', NULL),
(13, 'ap8crl379i7c0gdpjjsqqcegb9', '2020-06-09 05:40:45', NULL),
(14, 'tv3he0j8mgldevh9bok8i1h4ho', '2020-06-09 06:05:38', NULL),
(15, 'toem11unnjhtg9b55bauoloh5d', '2020-06-09 06:28:23', NULL),
(16, 'd3d2ee8ts1ptb0cpoui3fj84bv', '2020-06-09 06:40:02', NULL),
(17, '8e5cckhdojfc5o4avc2jm8ao6n', '2020-06-09 07:09:08', NULL),
(18, 'plarva0tugud58s1lus3eretc0', '2020-06-09 07:23:28', NULL),
(19, 'mseas17e051ccfrt96ufmql5me', '2020-06-09 07:33:36', NULL),
(20, '4nkrt1q9rj4q1fnjtnp52r8iq0', '2020-06-09 08:08:29', NULL),
(21, 'qj6d23qop8cbpdfl7qucqrkgmv', '2020-06-09 08:33:48', NULL),
(22, '09meq33qksvjeh64536hpjedrh', '2020-06-09 09:44:09', NULL),
(23, 'pr4bjvbh2kgksjunuj70vpp3ou', '2020-06-09 09:46:44', NULL),
(24, '2rvi0ekhndu95p8r9vlqmogpkn', '2020-06-09 10:00:48', NULL),
(25, 'vuu5sqfha7bsiciub7k3n0r038', '2020-06-09 10:23:59', NULL),
(26, '1e7dvjegh4n5v5t4hkk9m8ehf7', '2020-06-09 10:59:10', NULL),
(27, '9s99g2sppnu9i680jk104da2hs', '2020-06-09 12:02:22', NULL),
(28, 'i5e1tlt0j3kmfkbja4fi3vhqa5', '2020-06-09 12:51:34', NULL),
(29, 'p55r6gjgh496re0sc03m3vbdr7', '2020-06-09 12:59:56', NULL),
(30, '6u5tp4a0e0fu2ui1jk3auedkji', '2020-06-09 13:14:00', NULL),
(31, 'mccaucl87sufcif84dp5lirkpr', '2020-06-09 13:48:34', NULL),
(32, '7d8t88kom9qn3tpgpvg87u10ag', '2020-06-09 14:12:22', NULL),
(33, 'uog74st9nfqnopoubfllm6hhj1', '2020-06-09 14:32:48', NULL),
(34, '5723rr1iktbk9eeaqr1ucg23vi', '2020-06-09 14:56:14', NULL),
(35, 'q51mqrnqvcnsdh3icb58ml2qg7', '2020-06-09 15:03:38', NULL),
(36, 'ilmk50jlbedsf3re082rnp5idg', '2020-06-09 15:12:44', NULL),
(37, 'suml555vtg8n5l8sfuqmic61pr', '2020-06-09 15:16:25', NULL),
(38, 'brv0vakcehr360b8v19db8cf3t', '2020-06-09 15:24:33', NULL),
(39, 'jbuifsnpb1bpht0s72hh7d189h', '2020-06-09 15:37:09', NULL),
(40, 'h8h1833fnqd73bvhrq3k10659f', '2020-06-09 15:43:45', NULL),
(41, 'i4c9t8hg7fhk9h9p4lt1v9bj65', '2020-06-09 15:43:55', NULL),
(42, '922qbq56dddlrtari47inhl5f4', '2020-06-09 15:43:55', NULL),
(43, '3d03qut8rjl5lidcikavg7tdho', '2020-06-09 15:48:20', NULL),
(44, 're80q8in460285ovjg5gta8gpm', '2020-06-09 15:50:31', NULL),
(45, 'io1chtnt83fitpc3d5fnrcdnqc', '2020-06-09 15:50:36', NULL),
(46, 'tqj979iosh034qch5bcq2g980e', '2020-06-09 15:52:10', NULL),
(47, 'tqekqq5bg874saqn0ggg3c4bdb', '2020-06-09 15:52:13', NULL),
(48, 'i01l65e6rulp6aou3gq83jhhkp', '2020-06-09 15:56:53', NULL),
(49, 'dn4cg57g3tq4d5o47bog2dhae8', '2020-06-09 15:59:48', NULL),
(50, '9fee8vcgs7jnnmqo2gibjgv82n', '2020-06-09 15:59:48', NULL),
(51, '5503b6ria3p8433r36rq9a2qdq', '2020-06-09 15:59:54', NULL),
(52, 'q44f91no1hshpnd0tmd5oa98ld', '2020-06-09 15:59:59', NULL),
(53, 'pgeeg5n6h023ni6123eit8oh41', '2020-06-09 16:00:06', NULL),
(54, 'khhfm08llfn5bh9g4hhjarfk04', '2020-06-09 16:00:58', NULL),
(55, 'mcvb5vn01tqlrl4v55a0aemjn0', '2020-06-09 16:00:58', NULL),
(56, '9f5bbuhq5nkefgqahnr7sdk21h', '2020-06-09 16:04:03', NULL),
(57, '8rqm7hvdq8jl5hp2snikkd20pj', '2020-06-09 16:04:03', NULL),
(58, 'ijl02et630p8vjemblj8rp42jg', '2020-06-09 16:15:58', NULL),
(59, '5ftqfk65ljle23c5ls5ceqhsr5', '2020-06-09 16:18:23', NULL),
(60, '4bj8m06p75874ru7hgcnfurk5t', '2020-06-09 16:26:43', NULL),
(61, 'bog8fpod6toq0o6cv2qplh6f19', '2020-06-09 16:29:29', NULL),
(62, 'ilmk50jlbedsf3re082rnp5idg', '2020-06-09 16:45:24', NULL),
(63, '23o0jtflta422pn2c37j9544fd', '2020-06-09 16:47:14', NULL),
(64, 'dsvd5tv6610i65n8pg7huucoco', '2020-06-09 17:02:39', NULL),
(65, 'p3ie3s7d530ih16h21d9orsdc6', '2020-06-09 17:13:57', NULL),
(66, 'ah4eod02c6ohosaj4j5t3q1tor', '2020-06-09 17:45:46', NULL),
(67, 'hvh7cm2o0ll0cfsk6s27bl2f50', '2020-06-09 18:18:01', NULL),
(68, 'gq97mse9od5q0eqv3n9ulgs9a8', '2020-06-09 18:27:41', NULL),
(69, 'oo015ocrk2rgfoq3a97idn1t70', '2020-06-09 18:33:30', NULL),
(70, 'ruhnegnjvavv23rkq71h0g2acl', '2020-06-09 18:45:45', NULL),
(71, 's3mh528mstdfs2seeia12kvg0k', '2020-06-09 18:46:27', NULL),
(72, 'jbdbtrpa2quve7ofhsqtsbq4pn', '2020-06-09 18:46:31', NULL),
(73, 'hfbk2nl7f424nnp59nltefbq0q', '2020-06-09 18:46:33', NULL),
(74, 'vc73gevqivp64c117llahqc053', '2020-06-09 18:46:37', NULL),
(75, 'runo4cu3kpufjb3sng3cqvpoj6', '2020-06-09 18:46:37', NULL),
(76, 'lcheilapqp0d8oj2sdolc97pkn', '2020-06-09 18:46:38', NULL),
(77, 'sak6o2hbhamrsjerb4t1a1kou6', '2020-06-09 18:48:10', NULL),
(78, 'm0e9k30ed5h44alnd46ut9ih0r', '2020-06-09 18:55:52', NULL),
(79, 'k7houoqup0b4fe6895fnp3o324', '2020-06-09 19:18:35', NULL),
(80, 'n15pjbvnkrjgnkt15b6n32r85l', '2020-06-09 19:32:31', NULL),
(81, 'n12ukp8ne9llt1v86od38qrjsd', '2020-06-09 19:35:51', NULL),
(82, '8e5cckhdojfc5o4avc2jm8ao6n', '2020-06-10 17:20:56', NULL),
(83, 'k03vpf3vurhstvrnuavv54e44t', '2020-06-10 17:21:54', NULL),
(84, '5ag6gvu2s62hbc6c79gt9qpcsv', '2020-06-10 17:31:06', NULL),
(85, '78d7db698u5rstfu644168r597', '2020-06-10 17:31:07', NULL),
(86, 'tah6tgm1it9ichdhk4gsvtiaqr', '2020-06-10 17:39:51', NULL),
(87, '5n801df40upboktbiq912a7b1q', '2020-06-10 17:44:09', NULL),
(88, 'n15pjbvnkrjgnkt15b6n32r85l', '2020-06-10 17:45:21', NULL),
(89, '7pjae6aghjlsv537f4flatr0eq', '2020-06-10 17:47:23', NULL),
(90, '86i9plhq89hb73bqa5q5ra0h78', '2020-06-10 17:47:58', NULL),
(91, 'al97h4urjau8ke9n0d8akhu198', '2020-06-10 17:48:49', NULL),
(92, '3me99gfes8k2rt9qikq8g9bs7q', '2020-06-10 17:55:14', NULL),
(93, '06j6115prak4rjotsc31qrulm5', '2020-06-10 17:57:49', NULL),
(94, 'd56jkucc4gj83c42uuhvpni98j', '2020-06-10 18:01:58', NULL),
(95, 'ghqh31fes9tij0pkh8bqrnbttl', '2020-06-10 18:01:58', NULL),
(96, 'q85e6belqcef8rmki10idl8gj8', '2020-06-10 18:01:58', NULL),
(97, 'pev192eiqehpgsetgbcj44s54p', '2020-06-10 18:01:58', NULL),
(98, '2eoqh7839csjqisj266iq0p5h7', '2020-06-10 18:01:58', NULL),
(99, '59d0din4af10vs0r0qcgf81f3d', '2020-06-10 18:01:58', NULL),
(100, 'fnktgc7rrdnn8lp6laidovdbg0', '2020-06-10 18:01:58', NULL),
(101, 'poq0kcr6mh8bsplco4necfaeu5', '2020-06-10 18:01:58', NULL),
(102, '4ehnobjqjfpj7qi2r4ptvsnu3s', '2020-06-10 18:01:59', NULL),
(103, 'pn5pha67q5nmmnhjabs3k0im9s', '2020-06-10 18:01:59', NULL),
(104, 'iu0pi5kibr6tjpe605rmevrn55', '2020-06-10 18:02:19', NULL),
(105, 'i24f6hnnp8u2e5h6hvcc5hemv8', '2020-06-10 18:02:19', NULL),
(106, '33mmm3aao5f2758837hra9j5k7', '2020-06-10 18:02:19', NULL),
(107, '1ipu4i646s8daenrqfnp3df2f1', '2020-06-10 18:02:19', NULL),
(108, 'fs8ldr0uqdra2mdnijcrnnoivo', '2020-06-10 18:02:19', NULL),
(109, 'fcocstgl0sl0iq0k90k3pm2e1b', '2020-06-10 18:02:19', NULL),
(110, '2g53ef960v4o10t1gg1p16iri7', '2020-06-10 18:02:19', NULL),
(111, 'd02d0q187k9vj61tujec7i2sp8', '2020-06-10 18:02:19', NULL),
(112, '7egb8s9i5bsfk492c3hnen0a9c', '2020-06-10 18:05:02', NULL),
(113, 'tdrba9bo3ah5i3ovigb2pb33a0', '2020-06-10 18:13:34', NULL),
(114, 'ih7rf58ak27ad4im891k5a5rht', '2020-06-10 18:21:54', NULL),
(115, 'tah6tgm1it9ichdhk4gsvtiaqr', '2020-06-10 18:22:18', NULL),
(116, 'it3bg59fllpbcqekku6uiq43sc', '2020-06-10 18:44:07', '190.80.51.70'),
(117, 'c5ss2ftfm3rk3ncsormilafucd', '2020-06-10 18:46:12', '35.173.229.194'),
(118, 'uh3bp2uscvforo03dr1usldurt', '2020-06-10 18:47:27', '18.209.111.172'),
(119, 'tp8seqda424qa8hhm97nev1gsa', '2020-06-10 18:47:40', '54.91.24.152'),
(120, 'k6q1chi7ioia3hkkdqtq76tjrm', '2020-06-10 18:47:40', '208.79.208.172'),
(121, 'cojf14muuofv4btvvts1l7io5j', '2020-06-10 18:47:43', '54.210.57.196'),
(122, 'leqnergnitnkj37h569p17mk19', '2020-06-10 18:47:44', '3.208.220.200'),
(123, '31vs8nn9p3fnj4ko2g9kttlopv', '2020-06-10 18:50:55', '140.186.168.163'),
(124, 'in1dcvsdl62llr287ktkrf0tnn', '2020-06-10 19:01:03', '95.217.78.96'),
(125, 'f7gv0tupqrghtqvnre9gsg3g25', '2020-06-10 19:05:26', '54.173.34.4'),
(126, 'chft2vgfnghnupc8ogt71qb231', '2020-06-10 19:05:36', '3.86.192.155'),
(127, 'j2i1h05qhpgrie5efqjdmfqpqa', '2020-06-10 19:12:45', '207.102.138.158'),
(128, '8e5cckhdojfc5o4avc2jm8ao6n', '2020-06-10 19:12:57', '76.90.138.92'),
(129, 'eo9ci3urelfa4ddks59cs0873v', '2020-06-10 19:16:15', '35.173.229.194'),
(130, '0uom7vvt1jdbhhjubc8bh16lil', '2020-06-10 19:28:15', '54.208.248.176'),
(131, 'f61724444sagmu60a6gdcnkh79', '2020-06-10 19:28:21', '107.23.21.87'),
(132, 'fvan1ltlgk8km54oql8jceuc9g', '2020-06-10 19:50:33', '49.206.124.223'),
(133, 'tah6tgm1it9ichdhk4gsvtiaqr', '2020-06-10 19:52:03', '190.80.51.93'),
(134, 'ts75320ei1m4pruv6ok96aklhb', '2020-06-10 19:54:07', '3.86.35.152'),
(135, 'ddofuodvsq68h65j4hbkj27197', '2020-06-10 19:54:20', '54.211.131.156'),
(136, '5t00ghdfu5sqqjaoccv98g821m', '2020-06-10 20:07:19', '204.209.14.213'),
(137, 'akrt54oe1t5phbladtapenbeh4', '2020-06-10 20:08:02', '169.63.251.251'),
(138, 'm7a9nelcl4sovbsga5j6hnsa72', '2020-06-10 20:08:48', '116.202.35.123'),
(139, 'n3kabla0d2nnef58ndnnkpuirk', '2020-06-10 20:09:40', '54.226.133.119'),
(140, '62hi08bcio4cmso40ckrmefs4n', '2020-06-10 20:09:48', '54.161.3.188'),
(141, 'mhuj7sjiva61g4qr4nod6g4ia1', '2020-06-10 20:10:05', '34.250.3.66'),
(142, 'suaf7t7f8ek7qu5ihrmg8o72h4', '2020-06-10 20:14:55', '73.3.139.205'),
(143, '0lg5j40sg964a8sc2qmdf4en8n', '2020-06-10 20:24:06', '62.24.109.33'),
(144, 'agm6659pjo0e27o84aqosc8mrg', '2020-06-10 20:25:18', '54.173.34.4'),
(145, 'mj34noaj78tc9n4r2cmfscoik4', '2020-06-10 20:25:18', '66.249.79.192'),
(146, 'v4qshrd0dfbme8e5nmrsaafcmf', '2020-06-10 20:25:21', '18.234.174.235'),
(147, 'q6c5egv4re1qdtc2nlcdokcfsu', '2020-06-10 20:35:45', '54.159.209.4'),
(148, 'qiqp1poct06u29kji77d326kun', '2020-06-10 20:35:54', '107.23.21.87'),
(149, 'mbsalf3g40qnl4f2iu8nfj714o', '2020-06-10 20:36:54', '192.35.168.197'),
(150, 'u8pv74i9tbjh7tjej31q264mnh', '2020-06-10 20:39:16', '54.159.209.4'),
(151, 'n2u06bd02g36oh4ge6natps039', '2020-06-10 20:48:14', '54.211.21.183'),
(152, 'm56kdi9pjne7gna96mbkmffslu', '2020-06-10 20:48:21', '54.208.248.176'),
(153, 'qdrn2h86oie6rbps0hbmkpn18k', '2020-06-10 20:48:28', '34.201.126.230'),
(154, 'btgtc05n9pma14reoe1apgb496', '2020-06-10 20:56:20', '159.65.206.10'),
(155, '68rgq9qls5q6f2en86vm875a8i', '2020-06-10 21:01:52', '34.235.159.157'),
(156, 'adbqcqr59rm5l94nstivjv924e', '2020-06-10 21:02:15', '3.94.167.180'),
(157, 'e65stg56e0p2164usplmeb8lt4', '2020-06-10 21:02:19', '3.86.192.155'),
(158, 'p2oqv3sbg3l8ftv5v1ar8t46a2', '2020-06-10 21:14:08', '45.160.145.57'),
(159, 'g6gorgg4t3l28a1vedjv54p870', '2020-06-10 21:26:56', '76.90.138.92'),
(160, 'pe59f3enbkrdhsa3dtphpi931t', '2020-06-10 21:29:45', '205.185.114.231'),
(161, 'oo015ocrk2rgfoq3a97idn1t70', '2020-06-10 21:30:02', '190.80.50.167'),
(162, 'j9jibavqbbfb5homr1p8u2280c', '2020-06-10 21:33:54', '178.150.202.121'),
(163, '6bruq7rmdmd60d6s9jqed0ped1', '2020-06-10 22:04:06', '151.202.169.15'),
(164, '6rcu9v47tcur3cfan5aoc37k22', '2020-06-10 22:06:09', '3.94.167.180'),
(165, 'arumkh8ft6ba0fi36p2k03flbn', '2020-06-10 22:06:24', '3.86.192.155'),
(166, 'caqod2nfcjcoua4mkfgbb7m1jg', '2020-06-10 22:10:24', '18.208.245.40'),
(167, '2v6jv66b0ba7d34ldrb59cs7oq', '2020-06-10 22:13:49', '18.208.245.40'),
(168, 'rj70h61lf9amf85ju50fe0k76m', '2020-06-10 22:18:54', '3.86.35.152'),
(169, '5fb8ejj8d4k01tt7vebtlc0323', '2020-06-10 22:19:00', '3.93.194.218'),
(170, '9boavi8qnlfjufdrqe7kdbqqof', '2020-06-10 22:22:49', '66.27.116.200'),
(171, '65othpc1jpmv53errjb2vchpo1', '2020-06-10 22:23:18', '18.208.245.40'),
(172, '22o04279hf9vg71libqktvb87q', '2020-06-10 22:26:02', '54.211.21.183'),
(173, 't5np4igfrvvm0vjvbq9rn0fql4', '2020-06-10 22:26:35', '192.0.100.114'),
(174, 'q7lcd8oinrthp75leqdlbmcgmo', '2020-06-10 22:27:52', '18.206.74.164'),
(175, 'o2d6eppb5sjp3rd82kihc5c88h', '2020-06-10 22:28:22', '18.208.245.40'),
(176, '8o7het9sb2afttvc6hg3c05gfu', '2020-06-10 22:32:03', '169.46.82.248'),
(177, 'lsu3iocme1sifgpcl6tgv6e9oh', '2020-06-10 22:32:11', '185.20.6.103'),
(178, 'it3bg59fllpbcqekku6uiq43sc', '2020-06-10 22:32:28', '190.80.51.70'),
(179, 'au59jvaq1f61sd29eoi9dnmr8i', '2020-06-10 22:32:34', '94.130.167.110'),
(180, '4nveh4duk4r5mmcqkmgh60o7ei', '2020-06-10 22:32:36', '3.83.44.39'),
(181, 'mchc3cup0d07bfpu893ufk6c8n', '2020-06-10 22:32:36', '3.83.44.39'),
(182, 'sucjqb03o3akqd45qjo3vcdost', '2020-06-10 22:32:37', '3.94.212.251'),
(183, 'hft3c2rdj9umh7embh9fm21ber', '2020-06-10 22:32:37', '3.94.212.251'),
(184, 'h7qvt15hjah2g5ltgbj0e9j2fc', '2020-06-10 22:32:38', '66.249.88.44'),
(185, 'dm8v5l5degkofhurfrvadbcteh', '2020-06-10 22:32:40', '3.94.212.251'),
(186, 'flvjutlomrd47rju1u86lnqcdp', '2020-06-10 22:32:40', '3.94.212.251'),
(187, 'n18acg5eduqfflonmnumk72c68', '2020-06-10 22:32:40', '54.92.136.65'),
(188, 'i0dn08ihikev9p2kq5j6n8j25t', '2020-06-10 22:32:40', '35.173.191.75'),
(189, '5gndpa589beh1r9217ikbeusj4', '2020-06-10 22:32:40', '35.173.191.75'),
(190, '7almn3it2dt45ggqj2aeurj5ie', '2020-06-10 22:32:40', '54.173.54.43'),
(191, 'u7sm432musj0lj5dk0uioc5go0', '2020-06-10 22:32:40', '54.92.136.65'),
(192, 'ee1sh760jdibef2bfridf87h6n', '2020-06-10 22:34:09', '54.91.24.152'),
(193, '4jskqm4ov5abun7ikq0n9n90v5', '2020-06-10 22:34:13', '34.229.242.234'),
(194, '4hp0mufb4bbe97vhi6dipvtli0', '2020-06-10 22:35:14', '64.233.172.30'),
(195, '6v9ltm80u5kjskpmbbu6i5b8ag', '2020-06-10 22:38:49', '66.249.83.78'),
(196, 'sb1m8b1v5bqv58tasdnj11ff42', '2020-06-10 22:42:04', '54.173.34.4'),
(197, 'ns24ucmgs8n8l3i0djc6immn76', '2020-06-10 22:45:58', '18.234.93.156'),
(198, 'dre6ibmrpb3padcrit0m1qcbm6', '2020-06-10 22:46:06', '3.95.24.37'),
(199, 'pe0b2legdmlu62b9gsijhj291p', '2020-06-10 22:46:10', '185.20.6.156'),
(200, 'sp3if0f4jf4d6uheoeuo0ibngc', '2020-06-10 22:46:12', '34.239.129.239'),
(201, 'k10fhvq8jahn44410jnohsep52', '2020-06-10 22:46:36', '54.173.34.4'),
(202, 'h4ft2qsn7j9ntlerhi4k1ktb23', '2020-06-10 22:46:42', '54.211.131.156'),
(203, '2c0dp5d3oblncgtk8nndskep9t', '2020-06-10 22:47:28', '116.202.35.93'),
(204, 'j73ht3ej5ci8140clpg57kcl7i', '2020-06-10 22:49:20', '34.204.17.218'),
(205, 'srrut5ri8uo9r4fafv9cn6p8rh', '2020-06-10 22:52:01', '3.95.23.63'),
(206, '2ris1s5qad78t1f8tqk2rr49ri', '2020-06-10 22:53:34', '54.152.149.104'),
(207, 'aqecm3m2kq03hmmnst0rpmd7uu', '2020-06-10 22:56:10', '3.89.119.12'),
(208, '3h3ak29a05nu2oqp5prnnondmd', '2020-06-10 22:58:13', '34.239.129.239'),
(209, 'b6rd0vkli7it0j3l7uqob97mu9', '2020-06-10 22:58:56', '35.173.229.194'),
(210, 'vosc9sdau837ncpr0d3j577ied', '2020-06-10 22:59:11', '18.234.93.156'),
(211, 'bfh0fc30amsjcqs4f0opg1jio6', '2020-06-10 23:00:06', '34.204.17.218'),
(212, 'thphad56udvtnt4niadefrlq1b', '2020-06-10 23:00:44', '54.204.163.58'),
(213, 'mebd1r1q4va137lo1qrsmgbuh8', '2020-06-10 23:06:16', '54.198.156.171'),
(214, 'it3bg59fllpbcqekku6uiq43sc', '2020-06-10 23:11:31', '190.80.51.70'),
(215, 'ute1ooldvpt61329p0r00tg58o', '2020-06-10 23:12:32', '54.86.227.134'),
(216, '7u20hvn63ubjujl3frknk6deb9', '2020-06-10 23:12:36', '208.79.212.82'),
(217, 'd4f82a86grar0a48fml3suenu1', '2020-06-10 23:12:37', '35.245.95.203'),
(218, 'j7sm9q8hfkar2ipms7i522ucbs', '2020-06-10 23:12:40', '54.147.146.116'),
(219, 'hnb7etn9hvd9d1g0l3mfn9gc3u', '2020-06-10 23:12:45', '3.208.220.200'),
(220, 'a9bpkkbiecghr0uosat2fgjfdt', '2020-06-10 23:13:47', '54.159.206.44'),
(221, 'bpiu4hundvbqs6qmt499vghj3o', '2020-06-10 23:13:48', '54.92.216.155'),
(222, 'h533d0ed3h67otaur53j2vgth1', '2020-06-10 23:13:52', '18.212.128.16'),
(223, 'u31ie5qoiltel8n28p37g88cdg', '2020-06-10 23:19:14', '128.14.209.226'),
(224, 'shtka3pjhq4mmlpbtqg7n5sd70', '2020-06-10 23:22:08', '18.234.93.156'),
(225, 'f580g91diped22l00qed654bka', '2020-06-10 23:22:29', '3.95.24.37'),
(226, 'i1010uucnb290fj6h2ktu8mqia', '2020-06-10 23:29:09', '66.27.116.200'),
(227, 'k03vpf3vurhstvrnuavv54e44t', '2020-06-10 23:56:41', '190.213.196.31'),
(228, 'g55201ibqh1c0ru6ip2hjaffqd', '2020-06-11 00:03:47', '107.178.200.220'),
(229, 'o9mvpcf627qq7bedma8j3geug1', '2020-06-11 00:16:02', '71.6.232.9'),
(230, 'g59qcdmufh6ql05vj1v8uihbt3', '2020-06-11 00:31:51', '79.106.225.210'),
(231, '096lpm464t40e6gaog7d2al8q0', '2020-06-11 00:34:12', '83.97.20.30'),
(232, '5imj0qn8m8me7oqf366j4k33l4', '2020-06-11 01:03:11', '31.171.152.110'),
(233, 'u4t5ohkd3tr50uf61nhkinb26j', '2020-06-11 01:07:52', '103.149.192.237'),
(234, '3i5ljc1f2k0j6aene6vo1o0f9n', '2020-06-11 01:10:27', '192.0.88.178'),
(235, '9e5pbg95r9aecsbm59nph6uair', '2020-06-11 01:16:49', '74.64.37.163'),
(236, 's3t4m1l8fdqf6q08pdej4u5umd', '2020-06-11 01:16:54', '69.119.240.112'),
(237, '9qhqq624cdjpu0to1d4tp2kv1d', '2020-06-11 01:27:55', '104.175.57.84'),
(238, 'lb5ic06n8afkt0or3cnpkm6c44', '2020-06-11 01:42:40', '63.117.14.72'),
(239, '0f9hjobq41e50ekdl37pedigcl', '2020-06-11 02:25:09', '190.80.74.240'),
(240, 'am9o9iit9g0miom1omgokkfu8o', '2020-06-11 02:25:18', '36.92.73.61'),
(241, '9qhqq624cdjpu0to1d4tp2kv1d', '2020-06-11 03:11:21', '104.175.57.84'),
(242, 'nloi6sbuaib5ruh2lbvgo2eimf', '2020-06-11 03:11:39', '137.205.66.104'),
(243, '0f9hjobq41e50ekdl37pedigcl', '2020-06-11 03:20:15', '190.80.74.240'),
(244, '4323nrpegm0vjuo1pcruu15a2l', '2020-06-11 03:54:35', '205.178.46.176'),
(245, 'b9m4aueo0tu930ifc8qh29ajob', '2020-06-11 03:57:37', '73.60.127.22'),
(246, '7opac5i7rrtrrpdb4mbsq90vsj', '2020-06-11 03:57:45', '31.13.127.117'),
(247, 's6r5eab7dcspavu5mu5k0ujgri', '2020-06-11 04:06:16', '42.153.133.6'),
(248, 'ngmu27mj3vegs3c8qa6evkcfbu', '2020-06-11 05:00:31', '108.59.8.70'),
(249, 'k03vpf3vurhstvrnuavv54e44t', '2020-06-11 05:08:02', '190.213.196.31'),
(250, 'okh6kak0aukqnefh8a3tnfdfln', '2020-06-11 05:14:49', '170.81.93.25'),
(251, '0ea8kr8pi8jcj5l6pf9373jdol', '2020-06-11 05:28:51', '173.168.226.196'),
(252, 'sa0k8uh7mocv8edcigsgrkke4a', '2020-06-11 05:28:51', '173.168.226.196'),
(253, 'hfqm54uq2lo64p0okge31er56d', '2020-06-11 05:29:00', '173.168.226.196'),
(254, 'dqov20a3aef54cufoftjmvo45q', '2020-06-11 05:29:16', '173.168.226.196'),
(255, 'dhdantvuf2kkgdsvqrjiuchptq', '2020-06-11 05:33:36', '128.14.134.134'),
(256, 'urr64oj6t6c3n58q3h1s4uruq3', '2020-06-11 06:39:52', '185.107.80.34'),
(257, 'srrut5ri8uo9r4fafv9cn6p8rh', '2020-06-11 06:42:27', '3.95.23.63'),
(258, 'aqv9qvf2frfj22vq3gum5fp336', '2020-06-11 06:54:54', '200.28.247.31'),
(259, 'g9ccdb03gm8hmho4oombequkhb', '2020-06-11 07:04:55', '20.185.68.94'),
(260, 'qis62fjkvtcnrnoliv71m6nh6b', '2020-06-11 07:19:59', '76.87.39.140'),
(261, 'g010nkevoffss7vfurf6gqc4hs', '2020-06-11 07:22:52', '158.174.22.73'),
(262, '5vnmjnuhs1a72umutljhfiqumi', '2020-06-11 07:32:17', '197.59.198.127'),
(263, 'rc1kdbm5hmtc4h40vfrp2jpscc', '2020-06-11 07:39:48', '208.80.194.42'),
(264, '2j6dtmvq11a2da1v8s2quqs694', '2020-06-11 08:09:31', '94.14.14.216'),
(265, '4pg93vhgj6qrtgqtp3v134spdd', '2020-06-11 08:41:41', '194.125.67.194'),
(266, '9gvg9gcv7f18ckhlq13p7c91to', '2020-06-11 08:44:48', '68.189.168.10'),
(267, 'fue1l6p0ctobrt9l4lekbmoa5p', '2020-06-11 08:58:19', '20.185.68.94'),
(268, 'ncbjguqe0ta83u3qha3ae72kgk', '2020-06-11 09:07:37', '207.46.13.104'),
(269, 'q3jm5484lnu9jg8hun3svgcit9', '2020-06-11 09:19:37', '66.249.79.195'),
(270, 'rg60ucm466qg2gq9n824l02r1j', '2020-06-11 09:21:14', '192.0.112.242'),
(271, 'ue7pdhl4bcrrp3dv4kt7jcl6cs', '2020-06-11 10:54:50', '98.110.175.149'),
(272, '94lodpt7em03fo4drtip9tuubb', '2020-06-11 11:04:17', '89.22.101.69'),
(273, '7llf17l5imgj611fo2b9vd8aoq', '2020-06-11 11:35:33', '172.58.21.217'),
(274, '80sqev288hh05khdmhlpfkg4l4', '2020-06-11 11:56:19', '54.38.178.106'),
(275, 'gkeopmc8lhi23md69ugpctj80b', '2020-06-11 13:48:22', '76.90.138.92'),
(276, 'of7i844isou7ib8jhenaq318gk', '2020-06-11 13:49:37', '116.202.35.91'),
(277, '7m2ubavlo6ds0v98r00v0gkd9l', '2020-06-11 14:00:08', '193.118.53.194'),
(278, 'lc24bbujvphi2gh0atemjvgvdk', '2020-06-11 14:41:17', '66.249.79.87'),
(279, '6r1moilan6g1l4c4a778qsabn6', '2020-06-11 14:51:28', '66.249.79.195'),
(280, '94anmkq4r3vp61gdbm945fupj0', '2020-06-11 15:15:12', '205.201.132.14'),
(281, 'aatejn98np8oq313p3nemflb5e', '2020-06-11 15:15:12', '205.201.132.14'),
(282, 'q4os8mlbetogh4hkn3dh0loc93', '2020-06-11 15:15:12', '205.201.132.14'),
(283, 'cmh76eg29rqsbvah7utq2gu692', '2020-06-11 15:15:12', '205.201.132.14'),
(284, 'nh0u9hhi9uqsjoeecgpmutfb3t', '2020-06-11 15:15:12', '205.201.132.14'),
(285, 'gupak8grdc57dap32dnehbqsti', '2020-06-11 15:15:12', '205.201.132.14'),
(286, 'k53jvooegick9jjnprmbfeiroq', '2020-06-11 15:15:12', '205.201.132.14'),
(287, '2vrn9o5mgkanomienkoqibgj54', '2020-06-11 15:15:12', '205.201.132.14'),
(288, 'fmd85vnke14q4sir2jtu339hke', '2020-06-11 15:15:13', '205.201.132.14'),
(289, '3p7m2ooslmg095g55b2paeofks', '2020-06-11 15:15:13', '205.201.132.14'),
(290, '8e5cckhdojfc5o4avc2jm8ao6n', '2020-06-11 15:17:40', '76.90.138.92'),
(291, 'j0l2hvqtcdd1lufubfhpsjiv6f', '2020-06-11 15:22:46', '190.80.51.70'),
(292, 'c444f347vprupksovjq5ueb45h', '2020-06-11 15:22:46', '190.80.51.70'),
(293, 'mrambbt5e60ra1rbe69g0o68gf', '2020-06-11 15:22:58', '34.204.17.218'),
(294, 'gt0dp0udutfbpbrea9iicddjih', '2020-06-11 15:23:09', '3.93.194.218'),
(295, '8a7b2mi49udugi41tjmve3hn8h', '2020-06-11 15:23:43', '116.202.35.109'),
(296, 'cpgn9btl7ioj64g7dfrjdhleov', '2020-06-11 15:25:32', '54.162.171.95'),
(297, 'e7q0099roemsmbmm96c9m252o2', '2020-06-11 15:36:12', '205.201.132.14'),
(298, '1acqtpah8io4tpjipmcas9sdg2', '2020-06-11 15:36:12', '205.201.132.14'),
(299, '48homr4dg482vmbc7d0odeh83q', '2020-06-11 15:36:12', '205.201.132.14'),
(300, 'mk76bcuc17i87vka3bqr19ta7m', '2020-06-11 15:36:12', '205.201.132.14'),
(301, 'itl7npmrn1pvntlopq55msqo90', '2020-06-11 15:36:12', '205.201.132.14'),
(302, 'ff07q2t04tinn6u5b7evtn0jbb', '2020-06-11 15:36:13', '205.201.132.14'),
(303, 'ji818uiaikcr2llmaoqlu2cboi', '2020-06-11 15:36:13', '205.201.132.14'),
(304, 'ab34es7fjpcu82pdq2lvh6kepl', '2020-06-11 15:36:13', '205.201.132.14'),
(305, 'mgpnt3ld4aqldovcqg4cgv5nrt', '2020-06-11 15:41:28', '54.204.163.58'),
(306, 'hacuaaq185shg2ej7jts01t78f', '2020-06-11 15:41:38', '3.86.192.155'),
(307, '4meremkbp7tdbggnqh5v4h5g58', '2020-06-11 15:54:54', '205.201.132.14'),
(308, 'ippkr1tg5a766fkr1chi7s42e6', '2020-06-11 15:54:54', '205.201.132.14'),
(309, 'qlml4k032sr7k3o3l0m0ba5ugm', '2020-06-11 16:03:53', '3.89.119.12'),
(310, 'jku0b69k5llpfpub9f6adrvabg', '2020-06-11 16:08:02', '173.52.105.182'),
(311, 'ld9jlg7rdc4pmink3jkshjm7hr', '2020-06-11 16:13:53', '54.204.163.58'),
(312, 't4hucf7kk8u40g4sslidnq9068', '2020-06-11 16:14:02', '54.205.247.142'),
(313, '0rhekiurpq0mp7c2h028lmm1v7', '2020-06-11 16:14:46', '54.163.8.168'),
(314, '7osiofu7duulnpoooi07rcprno', '2020-06-11 16:15:23', '18.234.93.156'),
(315, 'cpgn9btl7ioj64g7dfrjdhleov', '2020-06-11 16:18:51', '54.162.171.95'),
(316, 'uglkv5ftf4slg48jqh7emkcnu0', '2020-06-11 16:23:21', '213.127.60.141'),
(317, '7673tgsr5a2p082na29s0at5bg', '2020-06-11 16:27:12', '54.211.131.156'),
(318, 'j3ppn4alaqmnkrm8tn41nvunji', '2020-06-11 16:27:27', '76.90.138.92'),
(319, '2prh6hkvgbgfb62b1qlekhtmr7', '2020-06-11 16:33:00', '66.249.79.89'),
(320, 'nm7hn68suu6nrqp16obj4pupp6', '2020-06-11 16:35:44', '107.77.89.61'),
(321, '1so5u1vj7guku2qebfm2r2or9v', '2020-06-11 16:43:17', '66.249.79.91'),
(322, 'l11lbar10phrn72ecscq2dq2a4', '2020-06-11 16:49:13', '54.234.18.248'),
(323, '2ghta8h7unbqjicejnvq6qg09m', '2020-06-11 16:49:51', '41.60.221.29'),
(324, 'ds2ml9qdcv8fa94ijms0itju5g', '2020-06-11 16:52:59', '66.249.79.169'),
(325, 'oburktpnkua2eo1261r5keltnu', '2020-06-11 16:53:32', '52.33.5.215'),
(326, 'c444f347vprupksovjq5ueb45h', '2020-06-11 17:03:03', '190.80.51.70'),
(327, '1jogt3qh6c89co44c1g1g05g8q', '2020-06-11 17:06:00', '122.178.209.159'),
(328, 'hlsd9gro3cvr8g5genbdqsac71', '2020-06-11 17:22:36', '34.250.3.66'),
(329, '49nstt4v86em6rfem8dpfpq41e', '2020-06-11 17:22:40', '185.20.6.136'),
(330, 'u830fh32ij6hibvti4bvievdl9', '2020-06-11 17:30:59', '68.35.106.134'),
(331, '8e5cckhdojfc5o4avc2jm8ao6n', '2020-06-11 17:31:38', '76.90.138.92'),
(332, '8l2pd2erarb4ja1701n946h5k5', '2020-06-11 18:02:28', '45.148.10.115'),
(333, 'rvk8kj1d7l83dirl6v43fgjg87', '2020-06-11 18:06:07', '190.102.69.143'),
(334, '52b4fsnf8ttjatj1c3ticdbkf3', '2020-06-11 19:03:43', '193.118.53.138'),
(335, 'g6gorgg4t3l28a1vedjv54p870', '2020-06-11 19:39:51', '76.90.138.92'),
(336, '89uc849isvnua5jnkl8nns7b74', '2020-06-11 19:52:13', '161.97.66.235'),
(337, 'c444f347vprupksovjq5ueb45h', '2020-06-11 19:55:34', '190.80.51.70'),
(338, '8e5cckhdojfc5o4avc2jm8ao6n', '2020-06-11 20:09:36', '76.90.138.92'),
(339, '5v182bq8b93hq5f4aquii0t3de', '2020-06-11 20:14:55', '73.9.24.200'),
(340, 'i0oitfjbd3m13kmq936le8f61a', '2020-06-11 20:17:00', '66.249.88.40'),
(341, '9t64n6e9okim6vde23a3fepiu6', '2020-06-11 20:42:58', '34.209.251.154'),
(342, 'qdsg80nrkunspf7espa0cm4sdo', '2020-06-11 20:45:35', '54.159.209.4'),
(343, '3hq67okaoskge9mvmb1hdlp54f', '2020-06-11 20:46:17', '34.204.17.218'),
(344, 'jnt24r6qghqn9dnil6ve8i18oq', '2020-06-11 20:46:26', '54.209.237.155'),
(345, 'tah6tgm1it9ichdhk4gsvtiaqr', '2020-06-11 20:48:29', '190.80.51.93'),
(346, 'cpgn9btl7ioj64g7dfrjdhleov', '2020-06-11 20:49:43', '54.162.171.95'),
(347, 'piellgr7j7o6qpc6komjff5bha', '2020-06-11 20:50:31', '35.173.229.194'),
(348, 'sfcvlbjaids24vilvqtir9lqsj', '2020-06-11 20:50:58', '54.163.8.168'),
(349, '4dr7eg08s0b3sg90237ks3o3rs', '2020-06-11 20:56:42', '86.106.87.68'),
(350, 'k6016t89pnu3olrvasmob4mo7e', '2020-06-11 20:59:44', '54.234.18.248'),
(351, '9fte9vj5hq43kc0200d7i6e2ih', '2020-06-11 21:03:35', '172.58.29.55'),
(352, '619tv7ah8rs7lq4ajucglf6jpe', '2020-06-11 21:23:18', '34.201.140.69'),
(353, 'uoan8ku35t2tr9qag48isp7v1i', '2020-06-11 21:38:26', '3.92.231.39'),
(354, '4dr7eg08s0b3sg90237ks3o3rs', '2020-06-11 22:01:47', '86.106.87.68'),
(355, 'qmavhl6rbhddm9l0ap6av4643e', '2020-06-11 22:01:56', '35.196.132.85'),
(356, '0f9hjobq41e50ekdl37pedigcl', '2020-06-11 22:03:09', '190.80.74.240'),
(357, '18pfu28npvagtlj3glms28liad', '2020-06-11 22:04:56', '35.237.4.214'),
(358, 'c444f347vprupksovjq5ueb45h', '2020-06-11 22:14:56', '190.80.51.70'),
(359, 'qm0d1e91qp5qpj1t1pg6iqbtgl', '2020-06-11 22:28:37', '66.102.8.32'),
(360, 'dcda6png5rsld2fam0s3t9ge4i', '2020-06-11 22:31:13', '172.104.108.109'),
(361, '5e3mt79amnb5bvm44m2nbcvtpu', '2020-06-11 22:33:24', '66.102.8.32'),
(362, '8j884mhdqeku2fsrofhpdr6ggf', '2020-06-11 22:33:24', '66.102.8.32'),
(363, 'r03mhckun4bsedt7jasoqset0s', '2020-06-11 22:34:04', '24.149.5.197'),
(364, 'uh4qn2ob09j8sehknd03t3ehvr', '2020-06-11 22:35:20', '66.249.73.119'),
(365, '72eaeh9re921j2195i3i4730oe', '2020-06-11 22:36:28', '107.172.183.109'),
(366, '5qogop7kr1gpj49b3lpoj16tc3', '2020-06-11 22:49:46', '86.106.87.68'),
(367, 'othkdahc7nqh3i6qil7s0fod2t', '2020-06-11 22:49:55', '209.222.82.230'),
(368, 'itakrronvpl6di386sco8o4p0u', '2020-06-11 22:51:39', '69.22.238.3'),
(369, 'f7t6ot95cjh5ljomfr9gq0tjc8', '2020-06-11 22:53:24', '40.94.29.99'),
(370, 'thq59691a3nare0btusjdu1bmr', '2020-06-11 22:55:04', '3.235.246.21'),
(371, '5h54ngvpufjjlnhf2hc95tcoed', '2020-06-11 22:55:04', '3.89.33.254'),
(372, 'nfs2b21v76nv5rq4hs8al2fo8s', '2020-06-11 22:55:05', '3.235.246.21'),
(373, 'smli0lb1526gqct51ghs4btr1n', '2020-06-11 22:55:05', '3.89.33.254'),
(374, '180rjnlgdssdf31iamsjdlical', '2020-06-11 22:56:19', '40.94.93.65'),
(375, 'c59rlkp9a22e1r7o9qg2h9uim1', '2020-06-11 22:56:46', '54.211.38.95'),
(376, '4qvh1lknjg41rpp9vlk64j4nj6', '2020-06-11 22:58:25', '173.252.127.13'),
(377, '5nlu6fo1u3mvh84jit93f6seqc', '2020-06-11 22:58:26', '173.252.127.1'),
(378, '14kl2ftvmkh0ibdfuf2sqj9ktj', '2020-06-11 23:03:50', '23.94.145.106'),
(379, '4l9j2mr46p94fi2c567dcqob1l', '2020-06-11 23:03:51', '104.222.33.113'),
(380, '9mhavik6m0ef076h5r2fch3uf9', '2020-06-11 23:03:55', '107.172.183.211'),
(381, '745liluut7iqcckbfcqhb457a5', '2020-06-11 23:09:26', '62.157.71.104'),
(382, 'r0e0cab8fn7ug2lrhvifkd4lr5', '2020-06-11 23:29:47', '173.252.95.10'),
(383, 'uehvtangado2mm7s1iqn5b4vjb', '2020-06-11 23:29:54', '69.171.251.24'),
(384, 'i3oo1di2b0pjfctb02126sbso3', '2020-06-11 23:50:51', '107.77.161.34'),
(385, 'te9u87mngmmanmdivo8no4v994', '2020-06-12 00:00:49', '35.203.252.144'),
(386, '4dr7eg08s0b3sg90237ks3o3rs', '2020-06-12 00:01:19', '86.106.87.68'),
(387, '9ef1il3el0co5h6f718c09p5vt', '2020-06-12 00:05:43', '86.106.87.68'),
(388, 'mds4t4jjjhk8deoeeuot455oep', '2020-06-12 00:09:06', '86.106.87.68'),
(389, 'qhak8icucpbba0rvdajvnqji19', '2020-06-12 00:09:50', '86.106.87.68'),
(390, 'jgv1i07l4q271sv7l9stvkmovl', '2020-06-12 00:18:47', '86.106.87.68'),
(391, '2nbe14ljnnot7s26mgdd57ae35', '2020-06-12 00:46:36', '94.130.167.89'),
(392, 'drk52ckd9l46r34vgd91qr6pn5', '2020-06-12 01:30:27', '64.180.13.38'),
(393, 'ced3eptklcrbuustfmopoo0dnm', '2020-06-12 01:46:40', '66.249.73.224'),
(394, 'kql7bja2a17oodrds3q8rpffl3', '2020-06-12 01:53:44', '162.210.196.129'),
(395, 'p3rn8v0qrioi73qt278qeh2ngv', '2020-06-12 02:19:28', '206.189.135.73'),
(396, '8e5cckhdojfc5o4avc2jm8ao6n', '2020-06-12 02:46:53', '76.90.138.92'),
(397, 'u8sac5nr9fsg5jc7mo9upn6h1a', '2020-06-12 02:50:23', '173.252.111.12'),
(398, '4r3r6lpkheq4ckkultc8k3koem', '2020-06-12 03:28:39', '99.203.80.231'),
(399, 'oahne15dottl634nns7hpkfov2', '2020-06-12 03:58:38', '128.14.134.170'),
(400, 'jehfa4h1iaqr66q0has080sbg5', '2020-06-12 04:56:56', '166.170.14.126'),
(401, 'v2gsej4gt2niamjn6epllk4ecq', '2020-06-12 05:08:38', '76.90.138.92'),
(402, 't5o0nf2gaicln5gofjgg25o6mi', '2020-06-12 05:13:02', '212.102.33.46'),
(403, 'k03vpf3vurhstvrnuavv54e44t', '2020-06-12 05:35:00', '190.213.196.31'),
(404, '8e5cckhdojfc5o4avc2jm8ao6n', '2020-06-12 05:58:29', '76.90.138.92'),
(405, 'o2n4c4usao28ems8hu2v3l9pl9', '2020-06-12 06:07:03', '162.243.142.187'),
(406, 'lm0vqf6vq9qt0ugcvdhr1gg54s', '2020-06-12 07:25:19', NULL),
(407, 'f769ch2e9ap3f1vusnja5luqh1', '2020-06-12 08:06:46', NULL),
(408, '61af30g406aaohlrb2i4vj4i4o', '2020-06-12 08:26:44', NULL),
(409, '3etj18qorl91ph48r9puunp6me', '2020-06-12 08:28:30', NULL),
(410, 'rlh26kedehg50pho78gib3e2fs', '2020-06-12 09:03:27', NULL),
(411, '2k121kp60hgi57t6ed9vesmo1i', '2020-06-12 09:59:08', NULL),
(412, 'a39qdja9stfj45o2nrooc7s918', '2020-06-12 10:00:43', NULL),
(413, 'qt4rrj238f8tr22c6jfuajs0kp', '2020-06-12 10:15:51', NULL),
(414, 'drk52ckd9l46r34vgd91qr6pn5', '2020-06-12 10:23:58', NULL),
(415, '470cnth4dbi2vhb0dos8vlih0h', '2020-06-12 10:44:44', NULL),
(416, 'jh8osckkq9ou1um957bo1rotnb', '2020-06-12 11:09:13', NULL),
(417, 'j1tdgn86g9bd38cttp2im8hk08', '2020-06-12 11:09:42', NULL),
(418, 'lbp4clo78sggqplkk45v8d7rp0', '2020-06-12 11:21:56', NULL),
(419, 'loosn5mdn7can4sk8kk6dn297m', '2020-06-12 12:07:48', NULL),
(420, 't74bount7pnpqlmb8ie6860fm3', '2020-06-12 12:16:58', NULL),
(421, '690rhqh68b82oeblkejksm6ib2', '2020-06-12 12:43:50', NULL),
(422, 'sf2302krhvihtkgn9l5nd554nn', '2020-06-12 13:00:37', NULL),
(423, '5bb5ha0pk2lu3eq485gplgusvu', '2020-06-12 13:09:19', NULL),
(424, '9q9f40q678rcig0490kv70025t', '2020-06-12 13:57:36', NULL),
(425, 'aekqep7m77u8qmfj3h23sipp9p', '2020-06-12 14:08:16', NULL),
(426, 'i2kcucdjuj2jbsiuumlkj894i3', '2020-06-12 14:19:39', NULL),
(427, '2tmu9d1nf85852e0n7drpnufvh', '2020-06-12 14:46:31', NULL),
(428, 'ck6qobdo22n5c5s96g5em18afl', '2020-06-12 15:31:25', NULL),
(429, 'gha7bj4ns9sha0c70bicesrv68', '2020-06-12 15:52:32', NULL),
(430, 'iqnfrhp1ur1q7u78a554h0avi0', '2020-06-12 16:27:22', NULL),
(431, '39ltf998goosoqmm5b830l599v', '2020-06-12 16:43:33', NULL),
(432, '8e5cckhdojfc5o4avc2jm8ao6n', '2020-06-12 17:18:21', NULL),
(433, 'hmh2edpm9393gege5f0c6ob2d5', '2020-06-12 18:14:40', NULL),
(434, 'kst9jv33hil8um217895kubsda', '2020-06-12 18:19:56', NULL),
(435, 'db1e247sj9qcl0s68m7f24uh8n', '2020-06-12 18:24:12', NULL),
(436, 'bf7tjjk6ibkv25o4hfftcbkt6v', '2020-06-12 18:49:27', NULL),
(437, 'l2s2omk2n5t2jbfviakhbc48a8', '2020-06-12 19:01:33', NULL),
(438, '57n1pv35034fral4d9v647ats3', '2020-06-12 19:30:23', NULL),
(439, '7drelqdv8dalheqicemv5jne02', '2020-06-12 19:44:24', NULL),
(440, 'r1b4p0514283376csstsf33gef', '2020-06-12 19:44:57', NULL),
(441, '7drelqdv8dalheqicemv5jne02', '2020-06-12 20:13:40', NULL),
(442, 'hdbua09afu0ss5ptqsd4jgnutb', '2020-06-12 20:37:51', NULL),
(443, 'n2p2aclel4jbnnr5jgkimp9ke6', '2020-06-12 20:41:12', NULL),
(444, '952qhp175kcdbn8266kg314o82', '2020-06-12 20:45:51', NULL),
(445, '7drelqdv8dalheqicemv5jne02', '2020-06-12 20:53:51', NULL),
(446, '4dr7eg08s0b3sg90237ks3o3rs', '2020-06-12 21:35:45', NULL),
(447, 'tj6jgq222g7j9jl0er7i63dnn6', '2020-06-12 21:36:58', NULL),
(448, 'h1tc5eunfsuv6qo450nb293ftv', '2020-06-12 21:40:19', NULL),
(449, 'mp4c9ghf8qlea2airtcaub19vp', '2020-06-12 21:41:53', NULL),
(450, 'mrb8fmvdo6vc6mcivfr3c78q2f', '2020-06-12 21:55:46', NULL),
(451, '1fiof3jie21pcv3dbb3gbg9qqj', '2020-06-12 21:56:51', NULL),
(452, '1lg2i6fuk4ad5rhdv7pmvqdk6v', '2020-06-12 22:18:05', NULL),
(453, '02kbrh1flt1nnjk0b1s08dr6vl', '2020-06-12 22:57:32', NULL),
(454, '1lg2i6fuk4ad5rhdv7pmvqdk6v', '2020-06-12 23:13:15', NULL),
(455, '4dr7eg08s0b3sg90237ks3o3rs', '2020-06-12 23:27:23', NULL),
(456, 'k03vpf3vurhstvrnuavv54e44t', '2020-06-12 23:31:21', NULL),
(457, '68igt1kgsllcprhpof910pi2sh', '2020-06-12 23:38:13', NULL),
(458, 'ohpopm65ebfnp14ekk8m2ag0m0', '2020-06-12 23:51:45', NULL),
(459, 'm6c02rt5kndsprh9hlcfj4qtn2', '2020-06-12 23:54:00', NULL),
(460, 'ud43krkjconhsh3t0ck1q09kdf', '2020-06-12 23:54:27', NULL),
(461, 'bgvreveojtackgkndpcv5t1t1i', '2020-06-12 23:54:50', NULL),
(462, '4c7gk48acqb911evgqfi1dvml3', '2020-06-12 23:55:45', NULL),
(463, 'jae3t1eojqimec81e1n6g0homt', '2020-06-12 23:55:45', NULL),
(464, 'p6v6gn0qjk1b6tc0v7ok16gbkd', '2020-06-12 23:59:13', NULL),
(465, '6le6fbq5takl5u3kp77rbr36v6', '2020-06-13 00:04:05', NULL),
(466, '4185940iu57k4bv1huhe6b3j5r', '2020-06-13 00:12:53', NULL),
(467, '1lg2i6fuk4ad5rhdv7pmvqdk6v', '2020-06-13 00:24:48', NULL),
(468, '9jnsti3i7g75qmfb21moret4k3', '2020-06-13 00:25:25', NULL),
(469, 'lfuskb81qj7iaq9f178u3429pd', '2020-06-13 00:31:45', NULL),
(470, '2npvcdt6bgei33hkb6qrs10cmt', '2020-06-13 00:36:25', NULL),
(471, 'iba3ofrm882ifs1jjshhlkcfm1', '2020-06-13 00:38:53', NULL),
(472, 'fut81seu4s1gidpcjtnlrb7msm', '2020-06-13 00:39:02', NULL),
(473, 'efjjnf1r584u4vtlqg92hl3sd0', '2020-06-13 00:43:52', NULL),
(474, '91hknp29ea8cbp4tr6gc41f2up', '2020-06-13 01:01:41', NULL),
(475, 'k03vpf3vurhstvrnuavv54e44t', '2020-06-13 01:19:16', NULL),
(476, '4dr7eg08s0b3sg90237ks3o3rs', '2020-06-13 01:33:44', NULL),
(477, '5qogop7kr1gpj49b3lpoj16tc3', '2020-06-13 01:46:32', NULL),
(478, 'qs45nl8npl25n6e5oi8hvcua4k', '2020-06-13 01:48:21', NULL),
(479, 'bdcmqbjmai6uarmddsu84efp1i', '2020-06-13 01:50:18', NULL),
(480, 'j3ppn4alaqmnkrm8tn41nvunji', '2020-06-13 01:52:52', NULL),
(481, 'lmt8vgnqopns7o91pu7ivd9f7q', '2020-06-13 01:58:03', NULL),
(482, '3v62otjf7ii9k9d1k6enmpfp3o', '2020-06-13 02:17:43', NULL),
(483, 'b8lkde1t6srfbit46ens50mfc7', '2020-06-13 02:17:44', NULL),
(484, 'kp76jcmn3gr4ps5j6hs068l6sj', '2020-06-13 02:23:53', NULL),
(485, 'effesk6atmvi2a7o9no5jm6o11', '2020-06-13 02:23:54', NULL),
(486, 'e8rlb0h55iepggqoro05ic3k98', '2020-06-13 02:27:46', NULL),
(487, '1p4m1nbjlv3onp0u3d8l246l25', '2020-06-13 02:27:47', NULL),
(488, 'gjqkt0ufj2rcttkap7d01qf47v', '2020-06-13 02:34:40', NULL),
(489, 'dlgegophqtm3orep87daqid3kr', '2020-06-13 02:34:41', NULL),
(490, '1lg2i6fuk4ad5rhdv7pmvqdk6v', '2020-06-13 02:37:55', NULL),
(491, 'k03vpf3vurhstvrnuavv54e44t', '2020-06-13 02:42:40', NULL),
(492, 'fvtclrj7otlg2tijegjvpemi3u', '2020-06-13 02:55:50', NULL),
(493, 'c857iucbnlcg266i7famspfmv9', '2020-06-13 02:56:18', NULL),
(494, 'mhhm1pm83c6k3611qc3788jd3t', '2020-06-13 02:59:24', NULL),
(495, 'vkf7bb98rsn1es5nhusfbabmtm', '2020-06-13 03:25:39', NULL),
(496, '8e5cckhdojfc5o4avc2jm8ao6n', '2020-06-13 03:37:32', NULL),
(497, '1lg2i6fuk4ad5rhdv7pmvqdk6v', '2020-06-13 03:52:23', NULL),
(498, 'pa0399ofp9msn6lceporfbu84e', '2020-06-13 04:08:41', NULL),
(499, 'r1f27knp5n12j0iee912ve5f9d', '2020-06-13 04:32:57', NULL),
(500, 'lnqnc27frhjpoj240b0brhenpq', '2020-06-13 06:00:44', NULL),
(501, 'neg7kinanpcrmip2qq0dne7auv', '2020-06-13 07:11:51', NULL),
(502, '0c89g97m65qb5e6vik7gvj9mt4', '2020-06-13 07:58:22', NULL),
(503, 'cege450ghsfo3j152tlt2m6jig', '2020-06-13 09:08:57', NULL),
(504, 'dad3u7001ij19rcjd15vigfhh7', '2020-06-13 09:57:42', NULL),
(505, 'nlgq2sisjkuais7u1tlnv839m5', '2020-06-13 11:18:07', NULL),
(506, 'lmrj017bt7lmul1adgbl5o343n', '2020-06-13 11:19:22', NULL),
(507, 'q9828lormujktlcbna26lhgl7n', '2020-06-13 11:27:26', NULL),
(508, 'mckjg1e6vttqgskh6gpjdku1ve', '2020-06-13 13:00:38', NULL),
(509, 'bp8fljsss1kpo6vh8vqg6g6rta', '2020-06-13 13:07:53', NULL),
(510, 'uq540jr0ala0qsao92r2ppe8ca', '2020-06-13 14:10:46', NULL),
(511, 'tt727pt2k67bbdcfq4gm9o494u', '2020-06-13 15:45:18', NULL),
(512, 'bg1nlo6da3ru16mugp9q2r9qkk', '2020-06-13 15:45:35', NULL),
(513, 'dj70tvfd4757q5gqlmqlbl3rrd', '2020-06-13 15:45:41', NULL),
(514, '75ruth4ghe3rr382bra81oqrij', '2020-06-13 15:45:47', NULL),
(515, 'lhcj1r5v5egbeai5e6i97it3qs', '2020-06-13 15:49:28', NULL),
(516, '2l8gje7l9780puvdpd8hnfjkeb', '2020-06-13 15:51:10', NULL),
(517, '1751dnbbaceka6346rmqg0tbjs', '2020-06-13 15:53:09', NULL),
(518, '1dof4hd0l80ke8u9rk2d06h14q', '2020-06-13 15:55:05', NULL),
(519, 'jb4aq5cluhtbcjje4dbfhb8pog', '2020-06-13 15:55:07', NULL),
(520, '7kc5lt493k2litstesgq2gov0h', '2020-06-13 15:56:18', NULL),
(521, 'ov2oio1adjn1n0metc44of7imk', '2020-06-13 15:56:22', NULL),
(522, 'j3b0dsht1gdcvv2p03dha4j6qi', '2020-06-13 15:56:54', NULL),
(523, '2c5nejoj6rhr8i6381991m2r8k', '2020-06-13 15:57:51', NULL),
(524, 'j925kd7mpikv6mmto64pt7frln', '2020-06-13 15:59:46', NULL),
(525, '12fhdtmecnhnl7b8f79kucqhvu', '2020-06-13 16:00:21', NULL),
(526, 'o076ufd57nb66gj9r907gt9ma6', '2020-06-13 16:03:29', NULL),
(527, 'dq00iv3bs385s1rmsjt0h3pq2v', '2020-06-13 16:06:08', NULL),
(528, 'rufe1c6cgn4irvfdqs1bs09fni', '2020-06-13 16:07:00', NULL),
(529, 'hlrmdqvqq3fim691g63f5h0gc6', '2020-06-13 16:15:32', NULL),
(530, 'r9iv30u3cvjrqp7s2vnilgnmtn', '2020-06-13 16:21:52', NULL),
(531, '1bdj7q78b1hk0hu5ludtn5fnid', '2020-06-13 16:40:23', NULL),
(532, '8oaa9njocshs0s3h7i2sm6sojl', '2020-06-13 17:50:06', NULL),
(533, 't41nqaojrr9hau8uovrtou3dmu', '2020-06-13 18:00:42', NULL),
(534, 'u52f38qd3j42he8l0hsjn5u8jq', '2020-06-13 18:02:53', NULL),
(535, 'ct5eqdi6fupc1085hfhst95c7l', '2020-06-13 18:31:24', NULL),
(536, '6olhem6v673sj3hhrppo64srqk', '2020-06-13 18:38:34', NULL),
(537, 'j173tk7aj66j7jn4ts0f48jcjr', '2020-06-13 18:47:49', NULL),
(538, '4dr7eg08s0b3sg90237ks3o3rs', '2020-06-13 19:03:42', NULL),
(539, '0el0af8v7rm81d8r0lnkqv07if', '2020-06-13 19:08:51', NULL),
(540, '4dr7eg08s0b3sg90237ks3o3rs', '2020-06-13 20:00:29', NULL),
(541, 'tt727pt2k67bbdcfq4gm9o494u', '2020-06-13 21:41:55', NULL),
(542, '94o6uib8ttprbp8jflbids7n3s', '2020-06-13 21:53:18', NULL),
(543, '0dvq75d39glns7pss2v0t3udpr', '2020-06-13 21:53:19', NULL),
(544, 'h1bsb42mlnkn6t36vgujrgkq05', '2020-06-13 21:53:19', NULL),
(545, 'q1ph2gikr6l170f8d7f25qv0s7', '2020-06-13 22:28:44', NULL),
(546, 'tt727pt2k67bbdcfq4gm9o494u', '2020-06-13 22:55:39', NULL),
(547, 'tgflbq5ga3861uj86gjh9ps905', '2020-06-13 22:56:47', NULL),
(548, '0ium7cln8eb3ab52c0capv3v65', '2020-06-13 23:00:25', NULL),
(549, 'ld5stq7prppn7b9voe9a00nstl', '2020-06-13 23:03:34', NULL),
(550, '4dr7eg08s0b3sg90237ks3o3rs', '2020-06-13 23:06:32', NULL),
(551, 'bk6aqifmnd4mrlj1pnb6jep8si', '2020-06-13 23:07:38', NULL),
(552, '49p8k5sp0sqg8idep3elc5v3gd', '2020-06-13 23:08:55', NULL),
(553, '9aemq9bmd3106parv2kkn8d2ls', '2020-06-14 00:01:37', NULL),
(554, 'ri4sm3ap36b1sar0jhosmrls39', '2020-06-14 00:16:01', NULL),
(555, '60oj4f49gb948ohe462re6cpuo', '2020-06-14 00:41:13', NULL),
(556, 'vtroid0treb32diukl69aq8ntv', '2020-06-14 00:45:12', NULL),
(557, '98a7nh19n6p1tf0rsdgbbnbl9n', '2020-06-14 01:41:13', NULL),
(558, 'vssvvm8nvdg59l9ek0tvhsgutj', '2020-06-14 01:41:17', NULL),
(559, '1sao6lhndmloe5opo2q51g44o2', '2020-06-14 02:37:09', NULL),
(560, 'a37igtk62dev7fd2sn3ghjbl4i', '2020-06-14 03:21:21', NULL),
(561, 'mumt88ranmcm10iotrtgb9ough', '2020-06-14 03:39:35', NULL),
(562, 'h36b2n981olttpn5p1i1m53bs2', '2020-06-14 04:14:49', NULL),
(563, 'n0ttjm8sjjih9noob41bc1i0kj', '2020-06-14 04:50:00', NULL),
(564, 'grcg4cfu5468fgsbf9o9to2de1', '2020-06-14 07:37:56', NULL),
(565, 'g6ogmojk4qodks0eqb9ntbjudp', '2020-06-14 09:45:19', NULL),
(566, 'b3fq4rsb8be01u596fk3r116q3', '2020-06-14 11:28:55', NULL),
(567, '01uqqvpoc9bi33b1s7smk8767d', '2020-06-14 13:05:31', NULL),
(568, 'e625078tssbsh5illf7btb1vir', '2020-06-14 13:16:01', NULL),
(569, 'qo3ridp2rv144n9poqjci04m0l', '2020-06-14 14:17:01', NULL),
(570, '2rsorb3o9li8gkn7i8cjs148cn', '2020-06-14 14:57:26', NULL),
(571, 'toi6cpuo8m29e6tlvin58cb7gh', '2020-06-14 15:09:25', NULL),
(572, '854g1hvdv6nnbif0srvblucerk', '2020-06-14 15:17:52', NULL),
(573, 'hhe010d69fvqm6ch13eakoqm7v', '2020-06-14 15:43:49', NULL),
(574, 'np217lg6u8qr8vv7hk0s4dsi09', '2020-06-14 16:16:25', NULL),
(575, '639oe2s24p4cmq6dtofo89mcb4', '2020-06-14 16:18:26', NULL),
(576, 'h02gp19fqo4ck3d22f8qhr2qbk', '2020-06-14 16:19:15', NULL),
(577, '0dqro22ftajvrfp61i0d9cqm39', '2020-06-14 16:21:08', NULL),
(578, 'aci4eumt26ai6hofd4439djt0n', '2020-06-14 16:21:09', NULL),
(579, '2lju5vi8tgqpel8m2g6ukf6436', '2020-06-14 16:28:13', NULL),
(580, '0v75059jid4k3asnbbjp8au4pr', '2020-06-14 16:29:33', NULL),
(581, 'n18kcj08uj7niqm0lgt3gb6m9p', '2020-06-14 16:29:33', NULL),
(582, 'jgu74b7a3je0ksncqbqig3u8k8', '2020-06-14 16:29:34', NULL),
(583, 'kivmc8ijt4mj2fr7ujar6jbcck', '2020-06-14 16:29:34', NULL),
(584, 'j3ppn4alaqmnkrm8tn41nvunji', '2020-06-14 17:06:57', NULL),
(585, 't14hc35tthmf2c0ruh6df0h4nr', '2020-06-14 17:46:37', NULL),
(586, 'sdbbmk01iqgi8p3be27obskp5f', '2020-06-14 17:54:24', NULL),
(587, '3qrh40rr5s82lm7mb6hvqodpuj', '2020-06-14 17:55:58', NULL),
(588, '0r4c7c36j4t6kkifc9qncadprn', '2020-06-14 17:55:59', NULL),
(589, '2n13mep46vqmkb4hb941cuuk7l', '2020-06-14 18:00:12', NULL),
(590, '3imehn61m67o3fi757rfsp2pi5', '2020-06-14 18:00:12', NULL),
(591, 'b6nbge608st8s96c5k8ulhfmkh', '2020-06-14 18:00:12', NULL),
(592, 'p6ruhchq8b4s2n8s75fin1pnqh', '2020-06-14 18:00:13', NULL),
(593, 'f2mk5vi4ljp5jjhgujd283ccsi', '2020-06-14 18:00:17', NULL),
(594, '2koi6t7hqm21osjf26sugr7k5h', '2020-06-14 18:04:22', NULL),
(595, 'gbg15s9gmdetim86aaiht6gv2b', '2020-06-14 18:06:16', NULL),
(596, 'bf3d7mbnh18ljifc4gtk16tg2d', '2020-06-14 18:14:31', NULL),
(597, 'qjtu3l1mj5t020s8vakj7r5suq', '2020-06-14 18:23:55', NULL),
(598, 'lqkc4m49744ebe17u2lm7vp5ur', '2020-06-14 19:19:59', NULL),
(599, 'hlcgiels3tbj12jqamb6rfg34i', '2020-06-14 19:22:02', NULL),
(600, '9ikeg0ravfaac0k14clhplj725', '2020-06-14 20:26:37', NULL),
(601, 'e4vrs85ustk2gbgpfsdelcv8ac', '2020-06-14 21:11:45', NULL),
(602, 'fdch8nm5fn51il7bpos8s6suhi', '2020-06-14 21:41:09', NULL),
(603, 'empt1h7i3en3fpsmbd18f8ohs6', '2020-06-14 22:37:38', NULL),
(604, 'hqtrae0m52bued3m53dppcukrc', '2020-06-14 23:00:37', NULL),
(605, '794rlcv3u4gg1nodcfvbijb39h', '2020-06-14 23:22:35', NULL),
(606, 'bf3d7mbnh18ljifc4gtk16tg2d', '2020-06-14 23:57:51', NULL),
(607, '8m15f8snc4313lagr0jq6c43bv', '2020-06-15 00:00:03', NULL),
(608, '3mt5qdbmf1u2hpjj0i2iopfhb5', '2020-06-15 00:01:18', NULL),
(609, 'j3ppn4alaqmnkrm8tn41nvunji', '2020-06-15 00:18:08', NULL);

--
-- Dumping data for table `users`
--

INSERT INTO `users` (`id`, `name`, `username`, `password`, `user_level`, `image`, `status`, `last_login`) VALUES
(1, ' Admin User', 'admin', '073758d94fefceaad8a728eda3f03c21abf40edb', 1, 'ph71w6sr1.png', 1, '2020-06-18 22:10:57'),
(2, 'Special User', 'special', 'd5b3f38e9d4fed223afb1a520b5268db2ff491d5', 2, 'no_image.jpg', 1, '2015-09-27 21:59:59'),
(3, 'Default User', 'User', '1691de356d6f8fd14d2132d3ce56c58cb2517fbd', 3, 'no_image.jpg', 1, '2015-09-27 22:00:15'),
(4, 'Demo User', 'Demo', '52a10cad823d0d20f0f34fb3e1464bb3e627a8aa', 4, 'no_image.jpg', 1, '2020-06-05 05:32:25');

--
-- Dumping data for table `user_groups`
--

INSERT INTO `user_groups` (`id`, `group_name`, `group_level`, `group_status`) VALUES
(1, 'Admin', 1, 1),
(2, 'special', 2, 1),
(3, 'User', 3, 1),
(4, 'ViewOnly', 4, 1);

/*!40101 SET CHARACTER_SET_CLIENT=@OLD_CHARACTER_SET_CLIENT */;
/*!40101 SET CHARACTER_SET_RESULTS=@OLD_CHARACTER_SET_RESULTS */;
/*!40101 SET COLLATION_CONNECTION=@OLD_COLLATION_CONNECTION */;
